bng_x,bng_y,class,conf,votes,status,nearest_dist_m
225618.7518420043,579984.6971051648,roundhouse,0.29240724742412566,5,novel,5692.3
226463.50797714439,579568.3299130779,smallcairn,0.23868960390488306,6,novel,5139.2
227162.39289724533,579955.9759288083,smallcairn,0.4044626568044935,7,novel,4427.7
227562.58134755664,579716.0329639881,smallcairn,0.48731494322419167,8,novel,4033.1
227549.40663114033,579694.0135192343,smallcairn,0.4915422033518553,8,novel,4047.5
227381.4878953635,579513.4289442468,roundhouse,0.5558395832777023,8,novel,5537.4
227385.10835450471,579626.4449411851,roundhouse,0.4908328652381897,7,novel,5645.2
227567.53877283775,579729.1983726055,smallcairn,0.3079055901616812,8,novel,4027.5
227575.3239989967,579775.5905636068,smallcairn,0.2604895159602165,6,novel,4017.6
227380.86729405282,579770.1953513419,roundhouse,0.34709926197926205,6,novel,5779.9
227250.84591788737,579990.9155979702,smallcairn,0.33551211655139923,5,novel,4339.6
224367.90847710526,579322.3510923969,roundhouse,0.2670741111040115,5,novel,5163.0
224787.75490727948,579112.8316831981,smallcairn,0.29598717604364666,7,novel,4970.0
226224.45258724905,579343.3443599442,smallcairn,0.3239264615944454,7,novel,5397.5
226171.5566556434,579314.731331438,smallcairn,0.3550392724573612,8,novel,5453.3
226244.52377235127,579326.5653585948,roundhouse,0.3157627110679944,6,novel,5083.3
226455.09523748962,579267.3953448803,smallcairn,0.2744877611597379,6,novel,5177.5
226466.67770993535,579282.4134632524,smallcairn,0.3517624944448471,5,novel,5164.1
226320.79449727686,579414.0138388481,roundhouse,0.2287737250328064,5,novel,5181.0
227024.7853597493,579435.4237143219,smallcairn,0.3758763099710147,6,novel,4591.9
227636.1213364028,579351.4446169514,roundhouse,0.40168951749801635,5,novel,5477.5
225736.60516309956,578925.5346592879,smallcairn,0.24351179897785186,5,novel,5177.3
226328.47618227848,579061.2490515091,smallcairn,0.285025658706824,6,novel,5332.8
227366.21352260484,578956.93112404,roundhouse,0.24904447495937349,5,novel,5010.5
229378.05630537533,578734.0137562072,smallcairn,0.2224634438753128,6,novel,2514.6
225998.28900245752,578468.751556425,roundhouse,0.2922009403506915,6,novel,4201.4
225726.3473125161,578424.627706549,smallcairn,0.27491140152726856,7,novel,4739.2
227013.55139571073,578461.4011112886,roundhouse,0.39947211369872093,8,novel,4422.9
229404.96383993738,578655.1487603142,smallcairn,0.28008138069084715,7,novel,2529.7
226652.7573042582,578450.2684267838,roundhouse,0.29932935784260434,6,novel,4304.9
227014.102539479,578454.4923908308,roundhouse,0.36325211450457573,8,novel,4416.5
226710.51961256066,577837.2224014681,roundhouse,0.35938800871372223,5,novel,3734.1
227922.02940920927,577759.4483864247,roundhouse,0.277181950211525,5,novel,4208.8
226949.3826056738,577504.8275032847,roundhouse,0.2814898282289505,5,novel,3509.5
227373.08286134558,577505.513991605,roundhouse,0.46690839529037476,6,novel,3701.2
228665.4277182023,577522.2959226224,roundhouse,0.3977465555071831,8,novel,4497.5
229387.120819838,577250.9469411122,roundhouse,0.48106931362833294,7,novel,4856.8
227126.70685704652,576836.0492692849,smallcairn,0.1956631451845169,5,novel,4579.8
227525.1291143574,577030.6743996141,roundhouse,0.6922203103701273,6,novel,3384.6
227547.26052735525,577061.2105109387,smallcairn,0.3672227646623339,7,novel,4957.2
227851.23181837072,576929.1394048543,roundhouse,0.5760954096913338,8,novel,3509.2
227835.225577957,576854.5412718526,smallcairn,0.3163628897496632,7,novel,4853.5
227819.89917307624,576880.8307075285,smallcairn,0.3475648228611265,7,novel,4848.8
227810.6720925641,576908.7186432368,smallcairn,0.2980274520814419,8,novel,4838.5
228799.55278086208,576868.3128470628,smallcairn,0.38998375833034515,6,novel,4142.5
228753.32181314583,576808.3772745128,smallcairn,0.2878659933805466,5,novel,4218.0
229424.1739468245,577117.3073946085,smallcairn,0.35004925089223043,7,novel,3549.9
229793.34615978607,577105.4201756695,smallcairn,0.28308683931827544,5,novel,3347.6
228242.73862518926,576698.6079599232,smallcairn,0.22809833536545435,6,novel,4652.5
228266.86599649378,576558.0413663253,smallcairn,0.2080693155527115,5,novel,4734.3
228385.17663569198,576674.0064249255,smallcairn,0.36560603603720665,8,novel,4568.6
228368.38852490648,576658.7227596266,smallcairn,0.2946471646428108,6,novel,4591.3
228404.78276653707,576654.4869481629,smallcairn,0.21205424020687738,6,novel,4568.9
228403.0381798372,576650.0831690747,smallcairn,0.1970211019118627,6,novel,4573.2
229026.2243731142,576753.4127990272,shieling,0.39600762724876404,7,novel,4590.2
229011.1769885808,576736.8694223197,shieling,0.2789322674274445,5,novel,4569.8
229129.70173767256,576457.3505736729,shieling,0.27272273004055025,5,novel,4578.1
228218.3997684853,576324.5964277313,roundhouse,0.4882336612790823,8,novel,3365.7
228572.81914678932,575947.085666665,roundhouse,0.4811648242175579,8,novel,3459.0
228920.95005404277,575729.7699992766,roundhouse,0.407083697617054,6,novel,3678.2
229483.3911403987,575054.5252558684,smallcairn,0.27761001884937286,7,novel,3364.8
229419.60790686053,575026.6934721278,roundhouse,0.21418964564800264,5,novel,3953.3
229469.49612241195,575028.4059240331,smallcairn,0.29459576308727264,6,novel,3370.9
229595.04989240214,575172.1142507318,roundhouse,0.39267932375272113,6,novel,4154.1
229498.9821537971,575020.3240079675,smallcairn,0.2165654574831327,6,novel,3340.3
229498.76188702337,575056.0594863116,smallcairn,0.19749458985669271,7,novel,3350.5
225212.74382008868,579833.0801228822,smallcairn,0.2966003268957138,6,novel,5789.5
225441.5687945195,579957.3395289861,roundhouse,0.2855216988495418,7,novel,5665.1
226272.00686458053,579511.646943247,roundhouse,0.31626701603333157,6,novel,5270.4
227524.07135166906,579698.6514886479,smallcairn,0.30980213979880017,6,novel,4072.5
227598.3272170665,579883.6599384141,shieling,0.3798740327358246,5,novel,5684.7
225997.158211694,578663.9026689478,shieling,0.3118675321340561,5,novel,3919.4
227955.72464853752,578673.3262660876,shieling,0.2415893167257309,5,novel,4888.7
227941.86048361557,578156.5375838195,smallcairn,0.3365481734275818,5,novel,4056.4
228405.92008801852,577585.3504012777,roundhouse,0.34696887731552123,5,novel,4368.3
227956.470187976,576871.4687402248,roundhouse,0.2242610514163971,5,novel,3537.2
227851.8609597777,576926.2914625098,roundhouse,0.49280939623713493,8,novel,3507.4
229241.69396827664,577149.697527935,smallcairn,0.34751262764136,6,novel,3639.3
227848.85890946464,576919.5574082402,roundhouse,0.342645463347435,5,novel,3500.4
229221.0663904179,575863.7710545885,roundhouse,0.2769856542348862,5,novel,4006.8
229237.73148567017,575977.3150631257,roundhouse,0.2901841253042221,5,novel,4067.8
226729.41255238338,579919.7760294426,roundhouse,0.3104317933320999,5,novel,5752.2
229593.8881799098,575169.758523107,roundhouse,0.361527959505717,6,novel,4152.5
223548.21633915236,584198.2922746538,roundhouse,0.6831398953994116,9,novel,10102.6
222634.35239084664,582889.3189498234,shieling,0.21799420714378356,5,novel,8255.5
221995.14629165924,589572.6358320727,roundhouse,0.28635246455669405,5,novel,14966.5
222229.97203648195,589596.0880088303,shieling,0.38419903566439945,6,novel,14851.9
222718.07163317432,589526.1424255522,smallcairn,0.31677270787102835,7,novel,12433.0
223402.85057423948,589984.9636627922,roundhouse,0.23315738141536713,5,novel,14200.4
222398.2778329626,589442.7286847048,roundhouse,0.4681063915292422,6,novel,14574.4
220859.47659087882,588986.666661775,roundhouse,0.17580875754356384,6,novel,14237.7
221734.343871021,588762.1192698962,roundhouse,0.439946673810482,8,novel,14178.8
221833.27496015036,588791.7170359754,smallcairn,0.42625370621681213,8,novel,12930.1
221969.8281716331,589042.2752272511,smallcairn,0.3056631535291672,5,novel,12902.3
221851.5113356898,588814.3227217378,smallcairn,0.29484916627407076,5,novel,12921.8
221232.6057348402,588727.2811285526,roundhouse,0.2653286516666412,5,novel,14044.7
220267.55052184573,588053.7079908516,roundhouse,0.38895554654300213,8,novel,13232.3
220793.23520771417,588334.6338978063,roundhouse,0.3634822020928065,6,novel,13583.3
221480.4095407495,588182.9047089485,roundhouse,0.486234256199428,7,novel,13558.9
221175.71194067647,587888.4683435254,roundhouse,0.5131424814462662,6,novel,13209.9
221020.4458814682,587954.6036721051,roundhouse,0.3312438249588013,5,novel,13246.4
220185.73448270856,586737.3794289215,shieling,0.5305290818214417,6,novel,12519.3
220497.72943451835,586131.4784291153,roundhouse,0.3971496174732844,6,novel,11361.1
221256.97207016515,585945.9573757303,shieling,0.4024122327566147,5,novel,11579.2
221387.10100957376,585972.5770425686,shieling,0.2536775196592013,6,novel,11565.3
220116.9614767508,584998.9370758125,roundhouse,0.3475127350538969,8,novel,10184.0
222006.48244173863,584979.4253637703,roundhouse,0.19357296228408813,5,novel,10599.6
222967.27003499473,585060.4511961838,roundhouse,0.3019701199872153,7,novel,11014.5
220118.91444661122,584531.8139991771,roundhouse,0.26310693969329196,6,novel,9722.1
220385.62645140095,584643.8033113123,smallcairn,0.2966890275478363,5,novel,9296.0
220298.48477585858,584597.8314467599,smallcairn,0.40202437128339497,7,novel,9257.0
223152.6995027058,584541.3522663022,roundhouse,0.3772580176591873,6,novel,10521.6
223005.4799732075,584804.3227444307,roundhouse,0.4015210618575414,6,novel,10794.4
222957.71629921757,584860.7316891459,roundhouse,0.4326133280992508,6,novel,10827.1
223277.8405446244,584320.6817561846,roundhouse,0.5225284807384014,8,novel,10278.6
223136.71945017143,583924.4420007786,roundhouse,0.2933190166950226,6,novel,9925.5
223162.25281123572,583807.1477920153,shieling,0.2199952652057012,6,novel,9032.6
223228.0652992423,583942.1767775272,roundhouse,0.3766486272215843,6,novel,9921.1
220359.50568646565,583545.1043249805,smallcairn,0.3571968153119087,8,novel,8202.8
221414.67575778157,583815.0661662675,roundhouse,0.2465027059827532,7,novel,9310.2
221693.11843729706,583390.9508624196,shieling,0.24418248236179352,6,novel,9021.3
222796.32842843834,583091.6666438607,roundhouse,0.34043753147125244,7,novel,9155.3
221724.67703680528,582838.8125845592,smallcairn,0.3751928550856454,7,novel,7494.5
222888.6187837491,582931.9175456238,roundhouse,0.5945412218570709,8,novel,9035.2
222872.9646445377,582783.5137704565,roundhouse,0.5419636238366365,8,novel,8898.0
223145.78734484166,582915.3010476275,shieling,0.4284174314567021,7,novel,8160.8
221892.6589036107,582449.6359691818,roundhouse,0.2503518730401993,5,novel,8191.3
222069.1706235263,582503.395395251,roundhouse,0.261621152361234,6,novel,8311.4
222184.92153482945,582387.8708739044,roundhouse,0.3451201489993504,7,novel,8254.7
223148.21227790427,582560.4648580677,roundhouse,0.3518744558095932,5,novel,8605.1
224636.45162094932,582412.545332634,smallcairn,0.2381946529660906,7,novel,7383.4
222542.72422292654,581905.4316141768,shieling,0.47523502366883413,7,novel,7339.1
222591.26924050067,582161.0411942324,shieling,0.26318746379443575,7,novel,7568.1
223132.54091147523,582175.5224829325,shieling,0.24148200452327728,5,novel,7441.2
223557.23757232432,581832.3605022111,roundhouse,0.412810959986278,7,novel,7794.5
224335.4446127472,582149.4107473122,smallcairn,0.2587968536785671,7,novel,7522.6
224497.62963525724,581930.2739795131,smallcairn,0.2712022691965103,5,novel,7369.0
224975.32805134216,582036.543114558,smallcairn,0.4722740985453129,8,novel,6942.0
225369.43204231848,582309.4264272323,shieling,0.2856412548571825,8,novel,7403.2
223352.3926183421,581472.7105932013,roundhouse,0.25049074590206144,5,novel,7504.1
223427.96892567983,581740.6571127066,roundhouse,0.3395721882581711,5,novel,7740.0
223402.48692583304,581620.9490252216,roundhouse,0.35747843484083813,6,novel,7631.9
223501.00894102282,581524.208605363,shieling,0.1738336503505707,5,novel,6726.8
223867.02514763686,581588.7667425089,shieling,0.2520332315138408,7,novel,6728.9
225101.27692617167,581602.9140185211,shieling,0.38272397007261005,7,novel,6682.0
225167.57122695437,581462.7909504195,shieling,0.32731131712595624,6,novel,6545.3
226164.52090153634,581521.6000410366,roundhouse,0.3686375394463539,8,novel,7256.0
222420.71267522857,581386.6968939278,roundhouse,0.3234091907739639,5,novel,7476.4
222474.32191495402,581264.4993819551,shieling,0.3180046443428312,7,novel,6755.9
224067.00513306807,581481.5624920996,shieling,0.2016004204750061,5,novel,6597.1
224874.1647328983,581205.1690545438,shieling,0.38491395328726086,7,novel,6278.4
225465.26822899192,581186.6430232519,roundhouse,0.45804775692522526,8,novel,6894.0
226252.65437042885,581167.241173766,shieling,0.4504553437232971,5,novel,6403.7
226252.01694811726,581169.1101189504,roundhouse,0.2662976618324007,7,novel,6913.4
223794.7140808749,580997.7937752805,shieling,0.47276985459029675,8,novel,6155.9
224020.37180259323,580796.4951465847,roundhouse,0.2520158017675082,6,novel,6677.5
224723.78558825143,580704.296811006,smallcairn,0.3637195061892271,8,novel,6463.8
224598.46638424852,580674.8631063439,smallcairn,0.28469457796641756,7,novel,6369.2
224777.9587179928,580675.1327884019,smallcairn,0.3947476875036955,8,novel,6470.6
225108.64163037844,580959.7933852156,shieling,0.5221104579312461,7,novel,6039.9
224963.0324261119,580762.3819684129,roundhouse,0.3921191096305847,7,novel,6494.6
226064.12949672053,580913.9962021273,smallcairn,0.23273098965485892,6,novel,5612.8
226047.9671011828,580889.2029087329,shieling,0.3022634983062744,6,novel,6088.4
226785.9237928144,580791.2030672549,smallcairn,0.34667547792196274,6,novel,4880.7
224783.98633681398,580446.3816736575,roundhouse,0.2129168391227722,5,novel,6199.0
225212.8604835001,580537.8799863906,smallcairn,0.35743676374355954,6,novel,6406.0
225926.71559574414,580447.8653064435,roundhouse,0.25311568677425383,5,novel,6167.3
226004.18656132827,580618.3929285124,roundhouse,0.4820202048867941,8,novel,6342.8
226837.58863051177,580423.0324625289,shieling,0.25993022620677947,5,novel,5856.4
227131.358620386,580462.2520523107,roundhouse,0.48402408361434934,5,novel,6372.4
225041.79157253556,580050.7205277141,roundhouse,0.25124917924404144,5,novel,5778.8
226713.42172747848,580196.9729804102,roundhouse,0.4051422718912363,8,novel,6020.4
221302.5400597354,589991.3651021709,shieling,0.29489973485469817,5,novel,15468.4
220473.84576646393,587264.9178477798,smallcairn,0.22066886126995086,5,novel,11906.8
220724.83793515517,587490.2453706181,roundhouse,0.4060468852519989,5,novel,12738.7
220289.08481855743,586585.5542590993,shieling,0.37132705450057985,5,novel,12367.9
220994.48982033026,585327.4670730275,roundhouse,0.3309524556001027,6,novel,10665.4
221601.46094190812,585328.1695220046,shieling,0.2192227303981781,5,novel,10886.3
221673.9050389537,585281.5199275502,shieling,0.3338641107082367,5,novel,10820.5
220192.21814214418,585339.6039901462,roundhouse,0.25635357201099396,5,novel,10531.9
220293.95638273712,584574.8584538514,smallcairn,0.3140382349491119,5,novel,9234.4
220328.85439217289,584593.8884796195,smallcairn,0.2984044522047043,5,novel,9250.5
220384.87434373258,584615.9955114466,smallcairn,0.2442345768213272,5,novel,9268.3
221993.0610353831,584516.4976787567,shieling,0.2809206694364548,6,novel,9996.1
223177.896894879,584497.9284958942,roundhouse,0.25985886752605436,5,novel,10473.6
223513.75668534852,584346.4473942356,smallcairn,0.2627711296081543,6,novel,9204.9
221088.1962102065,583750.9400025889,smallcairn,0.1868050754070282,5,novel,8378.0
220379.1526491687,583634.9172698088,smallcairn,0.44639308502276737,6,novel,8290.7
222316.19480056228,583461.4616275142,shieling,0.24294595122337342,5,novel,8892.8
222518.32910945057,583029.2921776053,shieling,0.2650218039751053,5,novel,8421.5
223550.53540646122,582975.614126121,roundhouse,0.2635747541983922,6,novel,8906.5
223645.38193602054,583076.8051086467,roundhouse,0.3691768859113966,7,novel,8984.8
223134.95821512348,582894.6947230588,shieling,0.47005800157785416,6,novel,8142.9
223207.33514280495,582863.8624833156,shieling,0.29493139684200287,7,novel,8098.0
223607.78976674794,582765.9004833847,shieling,0.24932542741298674,5,novel,7931.3
222523.51602784375,582068.9453817806,shieling,0.3911816209554672,5,novel,7500.6
223331.49427909445,581844.2225455032,smallcairn,0.30971739292144773,5,novel,6855.3
224703.20594490075,582104.4743678689,smallcairn,0.32753092646598814,5,novel,7221.9
224937.93034058297,582040.6250883491,smallcairn,0.2927232176065445,5,novel,6978.9
223026.24803257541,581814.3053921886,smallcairn,0.36283035576343536,6,novel,6732.1
224344.05071422458,581786.1085491752,smallcairn,0.27690992057323455,5,novel,7201.0
222274.04743794294,581269.5953261049,smallcairn,0.5172278632720312,6,novel,6018.5
223195.15109775984,580667.5216325811,smallcairn,0.3541196808218956,6,novel,5705.5
224510.5692746131,580781.4993043959,roundhouse,0.22770505845546724,5,novel,6568.9
225902.1078352309,580879.1559474554,shieling,0.2604248136281967,5,novel,6050.6
226725.0173539405,580809.9798293138,roundhouse,0.39574286341667175,5,novel,6624.7
221844.8761255672,585802.2689930251,roundhouse,0.4498135089874268,5,novel,11337.3
223506.34736432653,584180.7167680943,smallcairn,0.30653171241283417,5,novel,9133.1
222535.27539679693,582029.956243969,shieling,0.3265589982271194,5,novel,7459.8
223593.00000966675,582192.0712018353,shieling,0.35678050518035886,5,novel,7367.1
225462.83664307997,581540.8148800383,smallcairn,0.2869820684194565,5,novel,6335.4
222270.4407391124,581321.0413976915,smallcairn,0.2944786727428436,5,novel,6068.2
222624.60685159228,581019.856373807,shieling,0.28997905254364015,5,novel,6474.6
224750.31855518618,582521.8552038354,shieling,0.37477804720401764,5,novel,7595.1
221208.77541165106,588078.1622056734,roundhouse,0.37144920229911804,5,novel,13402.4
220121.03762870617,584996.0656271738,roundhouse,0.3684140720537731,7,novel,10181.7
223558.5414659427,581834.0866413312,roundhouse,0.43520091261182514,7,novel,7795.8
223725.39682301378,592464.7390401349,shieling,0.4364233762025833,6,novel,15688.1
222743.99790907855,599984.9313622954,roundhouse,0.29411127865314485,5,novel,22695.6
224297.05996094542,599781.4614403666,shieling,0.4934332455907549,7,novel,19274.7
224263.06628125347,599793.1069323535,shieling,0.5411855056881905,8,novel,19307.9
224242.82596373622,599793.5888017317,shieling,0.45937003940343857,8,novel,19323.3
224252.56793242463,599774.4426878626,shieling,0.28143084049224854,7,novel,19303.3
224366.40276208584,599828.3870797519,smallcairn,0.22685082505146661,6,novel,18533.1
224286.7859779343,599317.5812317325,roundhouse,0.40018698759377,8,novel,21402.2
224285.48134807742,599255.6921138362,roundhouse,0.33829928636550904,5,novel,21346.9
221602.5683056271,598550.5280057429,shieling,0.5504451487213373,8,novel,20644.9
221558.47892660217,598454.1065229883,shieling,0.23003119528293609,5,novel,20627.4
222168.00590247003,598289.6324803503,roundhouse,0.3944928228855133,5,novel,21515.7
221390.2238662039,597493.4531190798,shieling,0.33875635514656705,6,novel,20250.9
221815.26383544068,597497.2149503307,shieling,0.3137499416867892,6,novel,19891.3
229316.5182934856,597557.7835241167,shieling,0.41515490625585827,7,novel,14149.2
220252.5753547366,596837.2904118184,smallcairn,0.2496774673461914,5,novel,18746.0
229701.24817561664,596978.5166525707,smallcairn,0.19571722547213236,6,novel,13731.4
220361.72267221028,596543.1207224918,smallcairn,0.3896477460861206,5,novel,18464.2
220631.46730054644,596520.2907340105,smallcairn,0.2885614484548569,5,novel,18253.1
220461.46203675657,596569.3430836027,shieling,0.5535422638058662,8,novel,20602.1
220691.6420785825,596511.4168912111,shieling,0.2617070943117142,5,novel,20371.6
229246.9686741805,596539.8470014227,roundhouse,0.32473877498081755,7,novel,17073.7
220199.3355312548,596186.3268126987,shieling,0.5720198111874717,7,novel,20660.2
220184.04047806002,596180.6675177749,shieling,0.3595586508512497,5,novel,20671.4
227382.51622529837,595914.1014365464,roundhouse,0.5168227979115078,7,novel,17049.4
227769.09614886058,595820.5388826766,shieling,0.5529851149767637,8,novel,14061.8
227992.00105580443,595831.7227688235,shieling,0.39631698387009756,7,novel,13896.7
228451.59014135794,595923.923957777,roundhouse,0.39535290002822876,7,novel,16705.0
229961.31672288684,595515.0390374167,roundhouse,0.4226523399353027,5,novel,15900.4
229453.7024880542,594895.3279786109,smallcairn,0.4244688153266907,7,novel,11847.4
225856.8626919591,594518.1513603269,shieling,0.20410168170928955,5,novel,14889.9
225131.1104426119,594389.3525277877,roundhouse,0.31707717052527834,7,novel,16646.1
225367.34658767754,594468.7913955775,roundhouse,0.5354597823960441,7,novel,16597.8
225447.04363326824,594508.5578414913,roundhouse,0.4168791281325476,7,novel,16593.6
226129.96905388925,594265.965982525,shieling,0.35662952810525894,8,novel,14526.8
226147.950057671,594287.3579922158,shieling,0.27209570445120335,8,novel,14522.0
226742.16807907427,594272.604213859,shieling,0.5327968113124371,8,novel,14004.7
227125.73900738638,594392.1413887755,shieling,0.43377768993377686,5,novel,13743.6
224845.54707426406,593741.3356255282,roundhouse,0.24763126422961554,6,novel,16239.6
228704.81351702215,594089.9947318336,shieling,0.2815422385931015,5,novel,12267.2
225494.830264166,593457.160316039,smallcairn,0.1777399718761444,5,novel,12677.7
226089.50373871878,593620.2870470127,roundhouse,0.38449331372976303,6,novel,15505.7
226396.05827721357,593632.5249423162,smallcairn,0.3792264834046364,6,novel,12246.5
225827.3556572332,593005.468228867,shieling,0.28430646906296414,6,novel,14207.7
228111.31893194804,593200.259545775,smallcairn,0.26074258734782535,6,novel,10922.5
227565.84174466808,592753.4589058114,shieling,0.5675630143710545,7,novel,12538.1
221708.9574982539,592306.9522092204,shieling,0.36696454137563705,8,novel,16988.0
222032.40383481767,592488.4753947044,roundhouse,0.3631826915911266,7,novel,16954.9
221933.50495707578,592261.6092772846,shieling,0.21590733230113984,5,novel,16793.0
222215.40394440579,592438.1923784909,roundhouse,0.34323066224654514,6,novel,16794.4
222155.257654603,592329.2104241316,shieling,0.5508949793875217,8,novel,16679.1
222138.22832871063,592435.2177506017,roundhouse,0.36041158934434253,6,novel,16844.1
223625.95799635828,592205.5408302001,shieling,0.3427150920033455,8,novel,15562.6
224302.02649607518,592268.9321354475,roundhouse,0.5755487866699696,8,novel,15333.9
224482.47612295783,592440.5111116613,shieling,0.29998787492513657,6,novel,15176.4
221242.8179501126,591930.3617381909,smallcairn,0.3726655215024948,5,novel,14913.1
221245.3725527018,591954.1875086742,smallcairn,0.3954908519983292,5,novel,14923.9
221526.60762839354,592085.5762594226,roundhouse,0.4263838604092598,8,novel,17012.4
221447.6240856345,591953.4813670944,shieling,0.33363022548811777,7,novel,16944.7
221245.43386267568,591954.1901942033,shieling,0.39466555416584015,6,novel,17097.4
221700.13803257432,592138.0416113912,shieling,0.3689299803227186,8,novel,16880.0
221734.3561238605,592307.4566452451,shieling,0.18658367792765299,6,novel,16969.7
221776.22064310833,591973.1783196133,shieling,0.26556548178195954,5,novel,16712.8
221675.05857588843,592086.0315481657,shieling,0.278596967458725,7,novel,16863.6
223062.58253866597,592019.3915460982,shieling,0.303152147680521,8,novel,15816.2
223224.80482323578,592054.7422344129,shieling,0.5326431952416897,8,novel,15728.2
223337.07644692835,592157.5307710919,shieling,0.32447477579116824,5,novel,15724.7
225003.07482758517,591971.0641062723,roundhouse,0.4564126245677471,8,novel,14680.1
225035.6225205845,592210.3128858014,roundhouse,0.20032785194260733,7,novel,14857.2
221645.23919293832,591767.7438539565,shieling,0.4022500344685146,7,novel,16673.6
221639.54697843155,591784.0764487974,shieling,0.2510118881861369,6,novel,16688.7
223481.0717859149,591451.9489411464,shieling,0.43018072098493576,8,novel,15118.6
224140.89244065312,591770.8739449921,roundhouse,0.4719155083100001,6,novel,15038.2
225175.0251647916,591808.7758631117,smallcairn,0.27185748765865964,6,novel,11715.0
220195.3200636613,591120.350971016,roundhouse,0.3600334882736206,5,novel,16273.8
221039.10816143532,591213.2758032647,roundhouse,0.41291865706443787,6,novel,16466.3
220765.29848957108,590781.6162071684,smallcairn,0.3556391835212708,5,novel,14744.9
220769.8043606613,590683.6095908328,smallcairn,0.2647796486105238,7,novel,14695.3
220710.40988860914,590674.9428389517,smallcairn,0.2653152674436569,5,novel,14743.9
220955.76157022303,590989.1086578997,roundhouse,0.4368672430515289,5,novel,16232.6
220970.3137931173,590814.5172046201,roundhouse,0.4017011299729347,6,novel,16061.8
220901.71294108,591064.1871266119,shieling,0.3808206270138423,6,novel,16604.9
222102.46218347282,590793.6088648328,roundhouse,0.49395801765578135,7,novel,15697.3
222292.85104518177,590830.0684935824,shieling,0.4230392227570216,6,novel,15570.4
224073.76500782144,590919.501680175,roundhouse,0.42481810067381176,7,novel,14425.3
220689.4942458497,590654.628462682,smallcairn,0.38825325880731854,7,novel,14753.1
220721.68350800837,590582.0953072181,roundhouse,0.5431254860013723,8,novel,15797.6
222418.34801453946,590388.1401664321,roundhouse,0.1939064030136381,7,novel,15189.4
223247.45243460964,590511.0341307173,smallcairn,0.3767957866191864,5,novel,12459.9
223762.12216874358,590546.321266595,roundhouse,0.3103800639510155,6,novel,14354.5
220417.71372354834,590020.2525798578,shieling,0.41735132969915867,8,novel,15720.8
222424.26258069853,590385.9736844541,shieling,0.32265688975652057,6,novel,15184.8
224216.4425028054,599804.8587773982,shieling,0.32870110621054965,6,novel,19350.5
224284.80727405922,599808.6285584257,shieling,0.24939158260822297,5,novel,19302.0
223609.60060824812,599040.4904549528,shieling,0.4591096689303716,6,novel,19320.9
221556.6012671678,598402.7581680419,shieling,0.23417511795248305,7,novel,20600.4
220767.33343748888,598189.802267652,shieling,0.3919426381587982,5,novel,21147.0
221272.13846091603,598020.9391548609,shieling,0.27099997997283937,5,novel,20630.1
221079.18150781325,597954.6867463656,shieling,0.3752490835530417,7,novel,20757.9
221043.76778048387,597957.3521416767,shieling,0.36705433080593747,6,novel,20789.4
229467.65801445078,597583.3431660604,shieling,0.21764151453971864,5,novel,14068.9
221367.94628142685,597030.7764394897,shieling,0.3807936119181769,7,novel,20033.2
221233.04544850785,597134.3945605372,shieling,0.19062342643737792,5,novel,20201.9
228652.53223790272,596893.0831344043,shieling,0.28560902178287506,5,novel,14121.4
229046.54032714042,597090.7425659274,shieling,0.4612688471873601,6,novel,13987.1
220442.8084543218,596575.891990575,shieling,0.21788563430309296,5,novel,20621.7
220705.73577367325,596514.1981838896,shieling,0.4036868342331478,7,novel,20360.5
229955.70568534898,596721.4213950648,shieling,0.23847773174444833,6,novel,13099.4
220335.8188878196,596411.2484849441,shieling,0.3261912961800893,6,novel,20640.4
228425.88017460986,596250.2655081322,shieling,0.4349597096443176,6,novel,13843.5
228621.40627196565,596420.7992794524,shieling,0.21254819418702806,7,novel,13815.6
227845.1417109584,595927.2042553407,shieling,0.2695428192615509,5,novel,14070.7
226549.60654373615,595552.3745453953,shieling,0.21103228032588958,5,novel,14871.0
228010.27783672235,595285.2977558676,shieling,0.2611682613690694,6,novel,13539.6
225995.93112299408,595165.0270958018,shieling,0.2653858333826065,5,novel,15112.0
226081.8991657243,594238.2245579537,shieling,0.22557016213734946,6,novel,14554.4
226111.2793080304,594259.9809451223,shieling,0.24708004891872407,5,novel,14539.9
225965.9559626614,594202.626953544,shieling,0.2743977755308151,6,novel,14637.2
226413.81876040244,594446.5742875728,shieling,0.25770115852355957,5,novel,14375.6
226181.8892480855,594325.3009485777,shieling,0.2682324896256129,6,novel,14512.0
228031.28158395892,594253.4883121927,shieling,0.37896227836608887,6,novel,12912.6
229758.37390397713,593827.6047399861,shieling,0.20075158178806304,5,novel,11264.9
225563.04181389106,593628.7945744807,shieling,0.4646511793136597,5,novel,14719.4
226064.9010441367,593432.3200258844,shieling,0.40748339891433716,5,novel,14183.1
228311.50191702208,593557.4963237388,shieling,0.27218451499938967,5,novel,12294.9
225922.03495002957,593257.9373572376,shieling,0.2648983721931775,6,novel,14232.2
224933.36541782555,592929.6271003935,smallcairn,0.3259790450334549,5,novel,12669.5
222175.69227804538,592330.8196969576,shieling,0.42602146168549854,6,novel,16665.5
221436.54065227663,591940.6002265246,shieling,0.28997577726840973,5,novel,16944.5
221427.89811271624,591911.5652619067,shieling,0.2775097906589508,5,novel,16931.8
221772.04857415552,592005.5154780129,shieling,0.31147512296835583,6,novel,16737.6
221687.47874367883,592126.4095623087,shieling,0.38013411845479694,7,novel,16881.5
221679.8258307149,591861.9900580993,shieling,0.29899803300698596,6,novel,16710.2
221743.98545187517,592095.6416837131,shieling,0.33952615559101107,5,novel,16819.1
222710.484150068,592018.5089835637,smallcairn,0.2316815435886383,5,novel,13753.3
223060.0067263048,592201.6497273415,smallcairn,0.2894316554069519,5,novel,13584.9
223048.24613664532,592287.0628379658,smallcairn,0.3111981004476547,5,novel,13646.7
222947.74657725144,592056.1352000728,shieling,0.24536819159984588,5,novel,15923.0
221101.95982631407,591287.6701715726,roundhouse,0.34621448318163556,6,novel,16549.0
220016.8073352777,590816.7115565923,smallcairn,0.2103550285100937,5,novel,15425.9
220966.22689894648,590924.9992330022,shieling,0.2114414175351461,6,novel,16454.5
220034.7069913824,590282.246822364,shieling,0.3507061366524015,7,novel,15954.2
220120.9769596031,590282.8927836769,shieling,0.2076572835445404,5,novel,15970.6
223284.96998820972,590298.4284782597,smallcairn,0.38303162654240924,6,novel,12315.9
220068.94764189317,590298.7120609828,shieling,0.3144349604845047,6,novel,15976.6
222495.81269348616,590171.8168566265,shieling,0.38680065870285035,5,novel,14994.1
223252.84084583627,590308.1872105435,smallcairn,0.2896835183103879,6,novel,12348.4
220694.7121854417,597195.7950952324,roundhouse,0.2247115194797516,5,novel,21439.9
224232.41770303223,594139.7523380015,shieling,0.20793510973453522,5,novel,16137.7
223505.87461529463,593232.5996033252,roundhouse,0.20294099549452463,6,novel,16582.6
227275.5409105422,593218.3643762334,shieling,0.2890776664018631,5,novel,13013.6
221117.48864476505,591986.3934728712,smallcairn,0.2570374011993408,5,novel,15048.9
221938.48949762344,592138.7729145479,shieling,0.3064718425273895,5,novel,16705.4
221894.29922769975,591829.3305446496,smallcairn,0.29010785818099977,5,novel,14312.9
222937.2308638755,591925.438583428,shieling,0.3432543948292732,6,novel,15838.0
221153.75738530376,591676.5662635938,smallcairn,0.34690375030040743,5,novel,14853.2
221150.1750395639,591649.034371331,smallcairn,0.3358450561761856,5,novel,14841.8
222001.45264350495,591770.5150301246,roundhouse,0.31900048851966856,5,novel,16454.8
224519.32912404882,591135.3957325597,roundhouse,0.4865939736366272,5,novel,14305.6
220515.04289887528,591010.5371205969,roundhouse,0.36387545863787335,6,novel,16197.7
220812.06191681974,590775.6731921934,smallcairn,0.32676067054271696,5,novel,14700.9
220718.58663716353,590742.395274622,smallcairn,0.24954636146624884,6,novel,14767.9
220948.16093400633,597928.2415549993,roundhouse,0.3409523069858551,5,novel,21885.4
229316.3143325366,597558.0511119197,shieling,0.43884430329004925,6,novel,14149.5
229960.9934035648,595515.4846368927,roundhouse,0.35164377341667813,6,novel,15900.9
223337.4885878925,592158.9182894,shieling,0.31786604473988217,6,novel,15725.5
223625.71253520984,592207.2207660119,shieling,0.3808584790676832,8,novel,15564.0
224303.5434525339,592268.3205576816,roundhouse,0.5074623269694192,7,novel,15332.5
220418.53229295262,590020.1781479759,shieling,0.43671440865312305,7,novel,15720.5
223284.74060223735,590299.2168183936,smallcairn,0.41031694163878757,6,novel,12316.5
237404.80286191174,569693.1530384272,roundhouse,0.5202327128499746,8,novel,1853.5
237493.21616888195,569779.5730918305,roundhouse,0.4570854902267456,5,novel,1894.3
237641.75807465962,569545.5821740224,roundhouse,0.36362555871407193,6,novel,1621.2
237563.31924941266,569564.8844453082,smallcairn,0.25530210733413694,5,novel,791.2
237613.02512318874,569781.8774284284,smallcairn,0.33440645535786945,6,novel,666.0
237631.3912884888,569804.1518938427,shieling,0.3146697670221329,5,novel,5290.2
237733.7063025765,569750.1680277265,shieling,0.25329638421535494,5,novel,5218.8
238981.47123228374,569515.3496770251,shieling,0.36361129794801983,7,novel,4245.2
239068.84716788612,569891.6742654099,roundhouse,0.3166349768638611,5,novel,2027.5
239398.5182343713,569652.2152287846,roundhouse,0.35423311591148376,8,novel,1983.5
238967.14235429856,569577.7369910962,shieling,0.24874993165334067,6,novel,4222.1
239192.4334296098,569917.2067125563,shieling,0.2868373692035675,5,novel,3849.6
239546.00593829472,569675.0325220372,roundhouse,0.3867962161699931,6,novel,2090.7
239738.41828455875,569890.0490930307,roundhouse,0.3970810044556856,8,novel,2378.9
237174.6723885157,569447.2078232975,roundhouse,0.33818513751029966,5,novel,1766.8
237124.52375697988,569471.5292264959,roundhouse,0.4003685787320137,6,novel,1816.7
237450.98272589626,569601.2052266696,shieling,0.2908973451703787,8,novel,5537.9
237499.86883443934,569318.0949364345,shieling,0.30393404364585874,5,novel,5618.9
237652.23842465194,569247.0979684942,roundhouse,0.3068418949842453,5,novel,1343.9
237789.334707028,569424.2935305631,roundhouse,0.3762059547007084,8,novel,1456.7
237829.156248232,569491.2754722073,roundhouse,0.3570809457451105,8,novel,1509.1
237809.50583899868,569447.0669245692,smallcairn,0.19711388434682572,7,novel,667.8
238183.29608011257,569335.5754118828,shieling,0.32123728692531583,5,novel,5014.1
238021.30594430328,569553.3720090839,shieling,0.33224886655807495,6,novel,5047.9
238315.6725402033,569369.3134704602,shieling,0.29648957401514053,8,novel,4883.4
238441.29922756023,569394.1017590049,shieling,0.40437312237918377,8,novel,4763.5
239422.45963181008,569490.4649840874,roundhouse,0.27912408610184986,6,novel,1869.5
237794.24154912907,568907.5017601368,shieling,0.3476263489574194,8,novel,5570.6
238069.79005904353,568993.6989146206,shieling,0.3625457013646762,6,novel,5292.7
238960.17015364056,569104.0972338384,shieling,0.393730674471174,7,novel,4507.6
238907.18161784924,568733.9937805412,roundhouse,0.460791751742363,8,novel,960.6
239082.9025924289,568809.8060853524,roundhouse,0.5915141440927982,8,novel,1139.3
239400.6779077392,568761.3121122019,smallcairn,0.5858178995549679,8,novel,93.6
239288.12513612362,568894.4406280791,smallcairn,0.5670431937490191,7,novel,82.4
239306.75195271007,568945.4143211916,smallcairn,0.5820954982191324,8,novel,113.9
239282.55929579303,568952.3801260471,smallcairn,0.5638403072953224,8,novel,131.1
239372.06412770884,568787.1954862924,smallcairn,0.5995400622487068,8,novel,57.2
239309.75244849254,568895.3574311102,smallcairn,0.49787746582712444,7,novel,68.4
239266.1256304414,568875.9179842161,smallcairn,0.5501703236784253,7,novel,91.2
239251.53217965123,568898.9452980552,smallcairn,0.4322450254112482,8,novel,114.8
239283.2210711291,568845.0668084407,smallcairn,0.5793335288763046,8,novel,67.0
239292.94381272106,568919.4374723763,smallcairn,0.527827674522996,8,novel,97.8
239300.39103592891,568810.9760300234,smallcairn,0.47019377537071705,8,novel,57.5
239345.29617748837,568968.1419925381,smallcairn,0.4095943234860897,8,novel,128.2
239355.1538986658,568851.9163115736,roundhouse,0.45066127677758533,6,novel,1377.0
239256.854183923,568967.5140593656,smallcairn,0.37174790033272337,7,novel,157.9
239389.35500345548,568729.2255319826,smallcairn,0.40718736685812473,8,novel,117.6
239290.82051639722,568806.5371555116,smallcairn,0.33126991774354664,7,novel,68.0
239313.09941120565,568982.7331056477,smallcairn,0.4379241280257702,8,novel,147.4
239398.7393042599,568816.5802105648,smallcairn,0.49393634125590324,8,novel,54.1
239310.8563941235,568782.2560657677,smallcairn,0.35997052064963747,7,novel,69.8
239228.55290467388,568812.587225444,smallcairn,0.33521069772541523,8,novel,124.5
239618.924852281,568820.2588972228,smallcairn,0.4672514870762825,8,novel,269.6
239607.26805434024,568857.0798517127,smallcairn,0.20943276286125184,5,novel,257.8
239602.24857157673,568834.2040871663,smallcairn,0.25415101647377014,5,novel,252.3
237727.81813477993,568708.2005242641,roundhouse,0.5648579349120458,6,novel,843.7
237597.49722182026,568595.8696311314,roundhouse,0.381555849313736,5,novel,851.9
237857.50757643435,568480.2813437262,shieling,0.36364143448216574,7,novel,5761.9
237824.65907512387,568514.9262261525,shieling,0.3203984498977661,5,novel,5767.7
237900.50797385207,568495.627220226,shieling,0.3488721081188747,7,novel,5718.2
238168.1472804914,568441.4276267737,roundhouse,0.23797267079353332,5,novel,408.3
239028.1660206513,568595.1342233875,smallcairn,0.3261383133275168,7,novel,186.1
239328.98439964847,568666.0455595688,smallcairn,0.39395337658269064,7,novel,175.2
239364.7260966685,568478.5639478345,smallcairn,0.3199329152703285,8,novel,361.7
239360.564617759,568692.281958673,smallcairn,0.39321169815957546,8,novel,148.1
239356.89532757993,568835.9313239584,roundhouse,0.2600348085165024,5,novel,1369.0
239313.13496427305,568667.9675744714,smallcairn,0.33314404636621475,6,novel,175.9
239331.35607916163,568695.062305313,smallcairn,0.41143851407936644,7,novel,146.1
239283.47976928562,568664.3578876021,smallcairn,0.34945303450028103,6,novel,187.8
239570.06343252034,568490.93071802,smallcairn,0.2627810835838318,5,novel,412.6
239435.87792020803,568497.3248408575,smallcairn,0.285116046667099,5,novel,353.3
239352.93134367096,568676.5846593218,smallcairn,0.3031329959630966,6,novel,163.4
237419.66703481425,568036.3435083544,shieling,0.4216229319572449,8,novel,6378.9
237301.70012612818,567984.5878990159,roundhouse,0.2765667200088501,5,novel,942.9
237573.42291236707,568032.582729953,shieling,0.21791101566382817,7,novel,6259.9
237637.88129494817,568019.9797857893,roundhouse,0.4840965196490288,6,novel,605.4
237717.87127153392,568218.4034944947,shieling,0.35748596489429474,7,novel,6031.6
238157.1042421722,568040.3122321606,roundhouse,0.501782264560461,8,novel,85.9
238097.34402197125,568115.1926583567,roundhouse,0.38769249320030214,5,novel,163.9
237902.86045776063,568146.9244435545,roundhouse,0.33377383053302767,5,novel,356.5
239661.7917197018,567984.2562056484,smallcairn,0.6158473268151283,8,novel,910.8
239637.1586930315,568008.380924354,smallcairn,0.551246102899313,8,novel,879.8
239658.694116743,568308.1850979772,smallcairn,0.47892890498042107,8,novel,614.9
239665.52726370862,568008.4459874011,smallcairn,0.5843699829918998,7,novel,889.4
239629.98844805517,568072.8862359208,smallcairn,0.5014828060354505,7,novel,816.6
239691.94169742032,568334.32769048,smallcairn,0.4902004413306713,8,novel,610.4
239649.1024179591,568059.2494240688,smallcairn,0.4317732666219984,7,novel,836.1
239653.14124641553,567972.6697342681,smallcairn,0.39084515906870365,8,novel,918.8
239630.78904820117,568031.2818962535,smallcairn,0.37416205023016247,7,novel,856.1
239688.4015274371,567963.8935165568,smallcairn,0.32464430630207064,5,novel,939.2
239646.1925901279,568096.768463551,smallcairn,0.4910625070333481,8,novel,800.1
239721.27087230555,568026.096871881,smallcairn,0.3319234549999237,7,novel,894.6
239630.49900841358,567968.3124632216,smallcairn,0.32976558431982994,8,novel,915.7
239651.20087291225,568035.4251794545,smallcairn,0.5597112327814102,7,novel,859.1
239703.8007358569,567968.7522796547,smallcairn,0.3681465148925781,5,novel,940.3
239673.01580782054,568156.0752010301,smallcairn,0.26586178243160247,5,novel,756.4
237545.23109994433,567821.2715940982,shieling,0.4442261140793562,8,novel,6414.9
237571.3693183659,567759.0302141225,shieling,0.47534490696021486,7,novel,6434.9
237967.49701766705,567890.6490964086,shieling,0.6133284653936114,7,novel,6049.7
237987.15560563176,567884.4653908835,shieling,0.4692066013813019,7,novel,6039.1
238242.43618157573,567951.7557029901,roundhouse,0.4949701300689152,7,novel,88.2
238135.65973055325,567803.7160153857,roundhouse,0.3422844707965851,7,novel,259.5
238424.29527880048,567796.0155046859,roundhouse,0.5492994423423495,7,novel,304.0
238484.98225913083,567634.4136659916,roundhouse,0.3862260989844799,8,novel,472.3
239742.4538781438,567856.4814752368,smallcairn,0.4774122629314661,8,novel,1058.9
239714.9023871461,567864.8540396064,smallcairn,0.3860616572201252,8,novel,1041.2
239658.86092624202,567982.6451322973,smallcairn,0.567729014903307,8,novel,911.3
239719.2924738049,567879.7476333246,smallcairn,0.27534984797239304,6,novel,1028.8
239695.36992864712,568043.2848773741,smallcairn,0.38594846427440643,7,novel,868.4
239726.1483259054,567838.1275314322,smallcairn,0.3168467219386782,7,novel,1070.2
239901.0584158895,567594.0436931774,roundhouse,0.48335909843444824,6,novel,1717.0
237995.28611912206,567428.7844384367,roundhouse,0.31168147424856824,6,novel,659.5
238035.85873031896,567316.0930130156,roundhouse,0.29571560621261594,5,novel,753.0
237881.95409445968,567346.5702288568,roundhouse,0.37220000475645065,6,novel,781.8
239965.662474494,567366.812252241,smallcairn,0.36743510365486143,5,novel,1081.9
239833.58910048814,567561.1427109845,smallcairn,0.4345757234841585,8,novel,1292.9
237547.9104279317,566852.5846586167,roundhouse,0.39330018758773805,5,novel,1375.9
239208.4760417377,567042.2994709437,shieling,0.37813316711357664,7,novel,5873.2
237583.03395934383,566733.5596873508,roundhouse,0.39764744894845144,7,novel,1463.7
237822.62464620968,566474.1059859381,shieling,0.4216837542397635,7,novel,7165.8
237861.55360705723,566464.9930394922,roundhouse,0.26311961710453036,5,novel,1620.5
238600.30127301358,566500.3350303546,roundhouse,0.31136973947286606,6,novel,1580.6
238835.22663449543,566445.6884183683,roundhouse,0.6600859127938747,8,novel,1700.8
238753.92644345248,566524.2005039449,roundhouse,0.3719230542580287,6,novel,1599.6
239860.77447118575,566565.1125569216,roundhouse,0.37284243702888487,5,novel,2189.2
237814.42760423274,566348.305119452,shieling,0.30623698979616165,6,novel,7267.1
238148.85257359387,566225.3192978629,roundhouse,0.3175211697816849,6,novel,1817.1
238956.2215353706,566425.4231254844,roundhouse,0.2781667659680049,6,novel,1765.1
238979.62631800352,566352.7175353981,roundhouse,0.40856863744556904,8,novel,1841.1
239345.31045975065,566259.7227268047,roundhouse,0.27027150988578796,5,novel,2093.9
239927.19335366323,566077.1552061723,roundhouse,0.5266928691416979,8,novel,2586.4
239391.75417937528,565979.6625177191,roundhouse,0.27925413846969604,5,novel,2358.9
239759.51492543498,565826.9090550734,roundhouse,0.38641120195388795,5,novel,2682.8
239228.88695091914,565068.0602121904,roundhouse,0.5299653857946396,8,novel,3131.2
239742.69273982494,565137.9181343038,shieling,0.3985456883907318,5,novel,7313.7
238376.69609974424,569541.8893273016,shieling,0.38837391436100005,5,novel,4742.6
237542.90434241848,569175.9807010548,shieling,0.23401606678962708,5,novel,5648.4
238337.15529044322,569421.9041267775,shieling,0.409927065883364,7,novel,4837.7
238345.4156565531,569318.2338515333,roundhouse,0.4667653813958168,6,novel,1282.3
238556.22934734332,569535.5946300774,shieling,0.19443441033363343,5,novel,4591.4
238461.44026912365,568739.4215096105,roundhouse,0.3036746233701706,7,novel,732.7
239324.27055119397,568771.8410344098,smallcairn,0.4362199852863948,6,novel,72.9
239283.477968744,568981.3772491179,smallcairn,0.35057996213436127,5,novel,156.2
239401.91884712086,568797.582624768,smallcairn,0.36980131020148593,6,novel,67.0
239203.7291731811,568839.3603031351,smallcairn,0.25774760246276857,5,novel,146.3
239414.65844195805,568813.3904427991,smallcairn,0.2554228752851486,5,novel,69.9
239329.88399906544,568907.5995378118,smallcairn,0.32976642847061155,5,novel,70.5
239283.1270767535,568764.5059387787,smallcairn,0.2765952616930008,5,novel,100.9
239245.94070449093,568832.9246156305,smallcairn,0.2936868114130838,7,novel,104.3
238214.89293034474,568514.8841732073,roundhouse,0.4693279465039571,6,novel,475.7
237338.9916011926,567933.757546022,shieling,0.35626212060451506,5,novel,6505.4
239802.13920802082,567672.3401734876,roundhouse,0.3094464455332075,7,novel,1601.9
239657.19002362728,567625.7670250618,shieling,0.23159241080284118,5,novel,5138.9
238448.5307825043,567244.6699614616,roundhouse,0.373444265127182,5,novel,821.5
238411.03007840124,567521.1826780916,smallcairn,0.1900942251086235,6,novel,1304.0
239084.24543025863,567499.3176795793,roundhouse,0.20521788597106932,5,novel,1000.0
239657.13826568538,567209.0932309375,roundhouse,0.18899917006492614,5,novel,1640.2
239878.48223335057,567512.921502147,smallcairn,0.21518072485923767,5,novel,1237.8
239317.30971836223,566827.7376546392,shieling,0.30237670838832853,5,novel,5994.5
239247.05893238416,567045.9922871472,shieling,0.39214465022087097,7,novel,5848.7
239225.9127613548,567050.0507625584,shieling,0.38741802672545117,6,novel,5857.1
237862.17833396082,566463.5645210884,shieling,0.1953105241060257,5,novel,7148.2
239691.30158961887,566541.1509230772,roundhouse,0.37005093693733215,6,novel,2084.3
239867.40267684316,566191.3061861693,smallcairn,0.4173481822013855,5,novel,225.4
239603.3543787846,565293.8413453161,roundhouse,0.3718880812327067,6,novel,3064.6
239192.0214717928,569917.0330534242,roundhouse,0.22080765068531036,5,novel,2103.3
239659.59804966688,569797.7351728877,shieling,0.22363125383853913,5,novel,3529.7
238978.51288138202,569511.4789292568,shieling,0.1943005859851837,5,novel,4249.9
237622.29209887076,568714.777064721,shieling,0.2785620421171188,5,novel,5819.9
237841.30822563334,566451.5276742625,shieling,0.20894632935523988,5,novel,7170.9
237810.74052226116,566424.7475623161,shieling,0.3521946549415588,5,novel,7211.1
238809.8078087415,566407.9200061425,roundhouse,0.4328759640455246,5,novel,1727.7
238975.70602011684,569504.5867475726,shieling,0.2395783245563507,5,novel,4256.1
238965.603898304,569578.4891242699,shieling,0.23756417880455652,6,novel,4223.0
239287.15552920743,568803.2836064284,smallcairn,0.31861652433872223,6,novel,72.8
239309.02672531898,568944.786120992,smallcairn,0.453449262040002,7,novel,112.5
239027.08726734406,568594.561641107,smallcairn,0.3926447800227574,7,novel,185.7
238163.02374778513,568039.8478625906,roundhouse,0.45595405623316765,8,novel,80.0
238244.3314690593,567947.9517653887,roundhouse,0.4743179380893707,5,novel,92.1
238412.31754957643,567520.0140151505,smallcairn,0.23114537596702575,5,novel,1304.6
238603.059367067,566497.8463077665,roundhouse,0.32125491499900816,5,novel,1583.6
239861.9172734202,566563.118032732,roundhouse,0.33149383664131166,5,novel,2191.4
237543.56992483194,567820.1178007489,shieling,0.39884899130889345,7,novel,6417.0
234805.78168893524,576440.783870111,shieling,0.3909457599123319,6,novel,4357.3
230838.73841538117,578054.2217833593,roundhouse,0.3881658549819674,7,novel,3296.7
232952.67957456943,577863.7508560932,roundhouse,0.5025599939482552,7,novel,2205.2
233165.52507816337,577740.3847626924,smallcairn,0.24215397238731384,5,novel,193.9
233288.66121867785,577804.4864579948,roundhouse,0.37857270836830137,5,novel,2205.7
233671.89223175595,577831.548625466,smallcairn,0.2453478773434957,6,novel,321.5
233729.28037936147,577920.9081606353,smallcairn,0.27241226605006624,7,novel,281.7
234055.42213444252,577823.7420795885,smallcairn,0.4127229377627373,8,novel,264.5
234026.6354091336,577798.526232056,smallcairn,0.43934820778667927,8,novel,283.8
234670.96566029548,577735.2135714976,smallcairn,0.40251441672444344,8,novel,95.2
230409.93512935494,577833.8901253603,roundhouse,0.22220165530840555,6,novel,3773.7
230580.00945062813,577709.1769050522,roundhouse,0.3474039477961404,7,novel,3711.4
230600.65900247646,577489.2951387645,roundhouse,0.46808576087156933,6,novel,3835.3
232051.177688261,577764.0986289547,smallcairn,0.21456234753131867,5,novel,1285.0
232733.1024934953,577676.0945901677,roundhouse,0.4113118478230068,7,novel,2447.2
233150.40744074085,577371.6970709228,shieling,0.3423954503876822,7,novel,3525.9
233322.45530623416,577700.7929798345,roundhouse,0.4441183464867728,7,novel,2306.1
233469.12251842214,577538.1779087306,shieling,0.6704183295369148,8,novel,3285.3
233474.8455494676,577517.7071339581,shieling,0.5092356614768505,8,novel,3304.1
233451.952753898,577506.3358783385,shieling,0.5468834564089775,8,novel,3320.0
233452.19463658505,577527.7099765851,shieling,0.42859248258173466,8,novel,3299.1
233538.09393535566,577551.8195580387,shieling,0.36456874864442007,7,novel,3258.1
233178.26546897803,577632.7141282781,roundhouse,0.2405707836151123,5,novel,2389.0
233627.87196308892,577630.7646280467,shieling,0.34715747833251953,6,novel,3164.3
233594.07352677122,577516.1415156855,roundhouse,0.2941061577626637,7,novel,2485.6
234486.92928194642,577464.1670906116,smallcairn,0.5126755024705615,7,novel,57.3
234517.4533145488,577680.1629485232,smallcairn,0.5610132776200771,8,novel,157.7
234527.4690156075,577634.253959107,smallcairn,0.4672453701496124,8,novel,117.5
234550.87475139962,577541.7034337652,smallcairn,0.42404595389962196,8,novel,55.3
234457.93058122185,577486.310966943,smallcairn,0.5396240539848804,8,novel,53.9
234542.76280075515,577569.3982938805,smallcairn,0.3729725815355778,8,novel,65.3
234479.13874291687,577403.7398466463,smallcairn,0.4172549141304834,7,novel,118.1
234504.24589727676,577653.1015287352,smallcairn,0.3736937301499503,7,novel,133.2
234498.2593160313,577699.8658220484,smallcairn,0.4815501943230629,8,novel,179.9
234529.17794151072,577693.5213631974,smallcairn,0.3996497119466464,6,novel,150.6
234533.1595453835,577451.4742361282,smallcairn,0.3775065413543156,7,novel,76.1
230788.55148097003,576965.1815184846,shieling,0.3857195992022753,8,novel,5068.7
230708.9646306329,577447.0484184071,smallcairn,0.27279025812943775,6,novel,2634.6
230757.8550237926,577024.4438108628,shieling,0.32308022181193036,6,novel,5045.2
230795.6972741594,577023.4829920704,shieling,0.19405124485492706,5,novel,5020.5
231213.86883037086,576969.0153942078,roundhouse,0.36203335012708393,7,novel,3796.5
230904.55159393477,577052.4118652937,roundhouse,0.21597405672073364,5,novel,3927.4
231901.7582899379,577148.4668279497,shieling,0.4405085990826289,6,novel,4251.0
231893.43427232493,577132.6310181301,shieling,0.42896480672061443,8,novel,4268.8
231873.5354387658,577150.6644369597,shieling,0.32346832379698753,8,novel,4264.2
231916.57960123234,577134.4534732391,shieling,0.3958321192434856,7,novel,4255.0
232319.30713403368,577441.7529859021,shieling,0.260683611035347,5,novel,3785.8
232355.32015802382,577229.0042344634,shieling,0.2879903256893158,5,novel,3956.5
232685.01611765492,577039.5966348937,smallcairn,0.4071278929710388,5,novel,765.2
232699.8089254886,576984.2891903417,roundhouse,0.2779787540435791,5,novel,3120.1
233460.66504723986,576970.9564410405,shieling,0.5323564596474171,8,novel,3843.2
233549.86385047145,576973.4668258034,shieling,0.2804764530488423,7,novel,3825.5
233602.20197219143,577059.5400030351,shieling,0.2763427545626958,6,novel,3732.4
234001.17730209883,577169.6096021445,roundhouse,0.4708862192928791,8,novel,2874.4
234546.06291556862,577136.3972666635,shieling,0.5012413244694471,8,novel,3634.2
234363.84541430697,577236.7785384068,roundhouse,0.3934651851654053,5,novel,2895.1
234386.52239305506,577331.3788603515,roundhouse,0.504131418466568,5,novel,2812.0
234571.25057542036,577039.5286720094,shieling,0.30013247082630795,6,novel,3733.2
234598.35242271368,577013.9940062222,roundhouse,0.32104278604189557,6,novel,3173.0
234793.2509541968,577271.6824386462,shieling,0.3996751333276431,6,novel,3535.5
230020.9169982212,576685.8052354953,roundhouse,0.49736157556374866,6,novel,4805.0
230170.4642043532,577068.3650575738,roundhouse,0.32783283293247223,5,novel,4436.2
231117.86023298904,576623.2976619832,roundhouse,0.2768104150891304,6,novel,4132.4
231778.65976239488,576908.963838203,shieling,0.2950192168354988,6,novel,4519.3
232666.91233073364,576932.6470418214,roundhouse,0.37565445303916933,5,novel,3178.5
232922.67379225613,576625.1226500601,roundhouse,0.28715823165008,7,novel,3423.9
232853.73374743998,576576.1763422741,roundhouse,0.3125637272993724,6,novel,3484.3
233177.2384746397,576749.0665042723,roundhouse,0.302403775709016,7,novel,3266.9
233289.03801978016,576637.0408741467,roundhouse,0.5209646709263325,8,novel,3369.6
233365.07689116252,576772.2652854188,roundhouse,0.3154843505471945,8,novel,3230.6
233517.0221874395,576845.9369147286,shieling,0.29723553359508514,6,novel,3956.7
233740.28173863693,576737.6118743374,shieling,0.3143582897526877,7,novel,4034.3
233661.02585193102,576773.9574605309,shieling,0.2710157558321953,8,novel,4007.2
234367.74694374934,576880.3510213837,smallcairn,0.3209361080080271,8,novel,370.1
234375.63962526608,576901.7498694727,smallcairn,0.3306817654520273,8,novel,349.2
234714.07506944193,576793.5012301058,shieling,0.3649347921212514,6,novel,3995.1
234826.96482617865,576699.664475897,roundhouse,0.3331749469041824,5,novel,3536.7
234932.45100735693,576943.7772039153,shieling,0.4672596092735018,7,novel,3883.8
234948.7458316038,576934.3995809143,shieling,0.43982795625925064,6,novel,3896.3
231259.25201612132,576250.5200205961,smallcairn,0.36403217166662216,6,novel,2383.7
233654.86965373188,576314.3099777469,shieling,0.2831392188866933,6,novel,4464.4
233885.65482046574,576416.9754982078,shieling,0.30031968440328327,7,novel,4341.7
233945.7576327878,576431.528130929,shieling,0.24142294526100158,5,novel,4323.8
234098.11107176685,576390.5781890206,shieling,0.22888940274715425,5,novel,4359.9
234407.02446848585,576354.011380129,shieling,0.43689033814838957,7,novel,4402.9
234420.23615822525,576307.5006582601,shieling,0.3411915798981984,6,novel,4450.1
234442.4516609088,576333.1840062081,shieling,0.31437987089157104,8,novel,4425.8
235726.5220226804,576305.1127714845,roundhouse,0.29385487735271454,6,novel,4237.9
231042.12748389205,575832.0562146694,roundhouse,0.26080946375926334,6,novel,4838.7
231259.63864389854,576250.6352401156,smallcairn,0.27950925230979917,5,novel,2383.3
233330.10549471137,576166.0722152642,shieling,0.3955426130975996,7,novel,4658.4
233938.54305287416,575947.9217630196,shieling,0.25046620198658537,7,novel,4807.2
234240.97572698147,576303.0320757256,shieling,0.18786431636129106,7,novel,4447.7
234086.63784899062,576258.0582320994,roundhouse,0.3134872814019521,6,novel,3787.6
234402.69923616794,576048.3559829463,shieling,0.33574652884687695,7,novel,4707.9
234439.90687254572,575907.9174420967,shieling,0.2416167825460434,5,novel,4850.2
234358.77247350055,575832.7520178859,shieling,0.3319102883338928,5,novel,4921.3
234407.60885046594,575849.9559355213,shieling,0.43881553411483765,5,novel,4906.3
234249.59930940537,575851.7649018136,roundhouse,0.18998557925224305,5,novel,4215.4
234653.32630487988,576137.1057137353,roundhouse,0.2504025220870972,5,novel,4031.4
236366.3814877172,575971.0410455969,roundhouse,0.28372827420632046,6,novel,4842.5
230054.28781396337,575548.5926371011,roundhouse,0.5682166814804077,7,novel,4690.5
233168.90322654115,575473.4642613598,roundhouse,0.40893123405320303,7,novel,4538.6
233125.41649749278,575585.4297411281,roundhouse,0.29307839274406433,5,novel,4430.4
233563.62558986404,575647.8106052123,shieling,0.2618990629911423,5,novel,5136.9
234468.70342452955,575488.8723353073,shieling,0.49925651649634045,6,novel,5270.2
234270.7192980555,575651.1522306775,shieling,0.35695474098126095,6,novel,5100.0
234421.1519616009,575897.6638776144,shieling,0.301991452063833,7,novel,4859.4
235071.09141307112,575479.9066056851,roundhouse,0.3455502986907959,5,novel,4776.8
235437.1935857587,575898.4291867658,shieling,0.29045513868331907,5,novel,5016.9
235932.0521924254,575705.6030590722,roundhouse,0.31881452458245413,7,novel,4866.6
235955.21740356478,575608.9026626386,roundhouse,0.4188522398471832,5,novel,4963.8
235924.29610779326,575609.8776111192,roundhouse,0.3072127729654312,5,novel,4949.7
236382.8653991618,575603.8514974986,roundhouse,0.46309201791882515,8,novel,5166.6
236326.3425024879,575583.6215682956,smallcairn,0.29862502962350845,6,novel,705.6
233459.74240791643,575347.9911659554,smallcairn,0.4125087686947414,7,novel,1455.9
233508.0305968037,575355.2179673722,smallcairn,0.43977590650320053,8,novel,1487.4
234625.66206450816,575160.0986015955,shieling,0.43147703632712364,8,novel,5609.3
234508.1107407205,575423.6362061028,shieling,0.31221698224544525,5,novel,5337.7
235037.8379147046,575383.1317918769,roundhouse,0.274982546766599,6,novel,4861.9
234834.687707636,575285.2808558329,roundhouse,0.39211734011769295,8,novel,4900.0
235067.08835530872,575348.67117627,shieling,0.42963652312755585,8,novel,5477.0
235298.2502010744,575151.5158689193,shieling,0.5396067053079605,6,novel,5713.0
235926.84542802346,575274.3216652542,roundhouse,0.4788370728492737,7,novel,5256.4
236120.59216334528,575124.7746559406,roundhouse,0.36172711849212646,5,novel,5472.3
236037.64611607484,575261.9315996113,shieling,0.40917420387268066,5,novel,5686.8
236503.12334627207,575256.3200687405,shieling,0.3984313351767404,7,novel,5306.4
236508.73529316654,575275.2049614976,shieling,0.36900203568594797,7,novel,5290.8
236819.7229422645,575376.3401726473,shieling,0.46814459562301636,6,novel,4980.4
236836.79428745154,575350.2655574607,roundhouse,0.47560255016599384,7,novel,5618.4
236721.34054676633,575240.0957382739,roundhouse,0.5176445643107096,6,novel,5651.5
236780.97781273577,575301.2344105105,smallcairn,0.2472309363739831,7,novel,1147.1
234540.79938838622,574940.6839389935,roundhouse,0.31524612861020224,7,novel,5165.3
234548.2256995745,574687.4377065655,roundhouse,0.3691796898841858,5,novel,5415.0
234492.29428022826,574692.2715857887,shieling,0.3258127378565924,7,novel,6066.8
234844.7479644256,574866.3404628498,roundhouse,0.47902252418654306,7,novel,5306.9
234833.5589827984,574811.7360542058,roundhouse,0.42708784128938404,7,novel,5356.9
234787.1790609337,574658.5445695511,shieling,0.22765006721019745,5,novel,6123.7
235250.3295359318,574845.5787935046,shieling,0.28153963812759947,7,novel,6004.2
235140.90505538907,574882.0773038173,shieling,0.26690517365932465,5,novel,5949.3
235263.71331455235,574726.2094487114,roundhouse,0.4017582219094038,8,novel,5554.7
235863.58240893474,574889.5171491926,shieling,0.33946171154578525,6,novel,6040.0
236093.0528153957,574734.949347465,shieling,0.3144943118095398,6,novel,5947.2
236047.54987848905,574871.5111657617,shieling,0.2977514535188675,5,novel,5901.3
236957.37045708508,574928.3755310461,shieling,0.24134772164481028,7,novel,5158.5
234260.0355395067,574565.5185176427,smallcairn,0.3680439016648701,7,novel,1618.4
234477.73519161722,574530.6998227797,roundhouse,0.3208054155111313,6,novel,5556.0
234364.56639698634,574276.5779006412,roundhouse,0.384442857333592,7,novel,5788.4
234843.25031203264,574319.6476009452,roundhouse,0.6952270530164242,8,novel,5837.0
234873.24870145152,574375.010953896,roundhouse,0.6274617314338684,8,novel,5790.2
235086.80026842147,574377.4795904659,shieling,0.29941205978393554,5,novel,6439.6
235133.70423892382,574576.3277290589,shieling,0.3020203858613968,6,novel,6250.0
235403.99862019485,574550.6705958021,shieling,0.2917766297856967,6,novel,6322.9
235243.47829884832,574443.5111326106,roundhouse,0.35241746008396146,5,novel,5823.2
235218.7596643583,574494.597187876,smallcairn,0.2888245165348053,5,novel,1016.8
235946.64155451936,574429.2203721439,roundhouse,0.42950230091810226,8,novel,6047.1
235946.43733058023,574502.0644076148,roundhouse,0.2891402244567871,5,novel,5978.9
236602.4431363648,574420.2676430555,roundhouse,0.3782674755368914,7,novel,6315.7
237030.7870711161,574376.2236351423,shieling,0.3694366604089737,5,novel,5491.6
236952.8218357602,574448.1879067918,shieling,0.31346889957785606,8,novel,5493.8
234309.6686400793,574214.0311424218,roundhouse,0.3710706191403525,7,novel,5842.3
234505.5887947989,574207.6080852732,roundhouse,0.36609542965888975,5,novel,5879.0
234348.77856202534,574352.0488364424,smallcairn,0.3295942073067029,6,novel,1658.0
234390.25540036353,574319.271699361,smallcairn,0.24720371514558792,6,novel,1665.4
235033.93187246862,574121.4541506177,roundhouse,0.3871504385024309,8,novel,6075.4
234925.70990837808,574132.5476724161,roundhouse,0.502383503317833,5,novel,6038.2
234908.4893930454,574026.6150506767,shieling,0.2585459202528,6,novel,6764.9
235302.93242855673,574116.6203095417,roundhouse,0.6330237351357937,8,novel,6153.4
235301.5588913402,573980.458425506,roundhouse,0.4766778163611889,8,novel,6283.4
235447.5263038945,573931.3577897872,roundhouse,0.4666264333895275,7,novel,6370.1
235132.62470849592,574227.5305488004,shieling,0.4010065176657268,7,novel,6594.6
235382.8894576718,573974.2411796247,shieling,0.43380660457270487,7,novel,6885.2
235159.89162561693,574242.3842842599,shieling,0.2857566113982882,7,novel,6584.0
235409.0667430314,573929.2860967453,roundhouse,0.38457876195510227,6,novel,6362.4
235708.4101180712,574099.1601959412,roundhouse,0.4621216910226004,7,novel,6281.4
236264.59616353066,574021.6638309549,shieling,0.370040163397789,6,novel,6283.1
236519.06007672008,573986.0611062482,shieling,0.28825544672352926,7,novel,6127.4
236250.96911367116,574001.883335698,smallcairn,0.2957551062107086,5,novel,1544.1
236598.3068691741,573912.4085657503,roundhouse,0.2504814490675926,6,novel,6098.4
236571.2971622167,574084.7835587091,smallcairn,0.24009442329406738,5,novel,1627.9
237483.5514221366,574058.8983362752,roundhouse,0.357107407280377,7,novel,6066.6
237421.40121294462,574073.1116428575,shieling,0.3451332598924637,5,novel,5466.1
235033.63777412707,573849.1746713368,roundhouse,0.34146799333393574,8,novel,6339.1
235148.88889304842,573788.8823460565,roundhouse,0.43267151713371277,5,novel,6426.3
235489.42163040926,573754.8101442847,roundhouse,0.4071562606841326,8,novel,6343.6
235753.9468379875,573755.9656659071,roundhouse,0.4404309519699642,7,novel,6234.4
235536.88413446423,573548.6747487411,smallcairn,0.2290256291627884,5,novel,1874.2
235735.74603553984,573835.2351389059,roundhouse,0.31738661726315814,6,novel,6314.4
235867.75886783615,573776.5184416991,shieling,0.22988800278731755,7,novel,6740.0
235741.59241882112,573615.1187984331,shieling,0.2766350631912549,6,novel,6942.4
236263.19921929657,573799.1560483963,shieling,0.33184326191743213,6,novel,6440.1
236287.29782722177,573721.2127671728,shieling,0.3135821133852005,5,novel,6449.3
236292.0280741853,573751.8547735284,shieling,0.2809767747918765,6,novel,6453.4
236398.69884271172,573793.8689052576,shieling,0.31528602292140323,6,novel,6349.2
236435.42109628135,573741.1075206421,shieling,0.34709133952856064,6,novel,6313.0
236498.45808658862,573791.0157000809,shieling,0.2267446517944336,7,novel,6267.3
236925.4612295338,573619.1570205747,roundhouse,0.18395111858844757,5,novel,5732.6
236954.53869624564,573511.1349445006,roundhouse,0.29728586226701736,6,novel,5620.8
237781.6370438249,573584.386238477,shieling,0.3728380973140399,6,novel,4984.5
236602.49629806564,573317.373676739,roundhouse,0.3599726378917694,5,novel,5526.5
236371.57435134143,573420.1611000923,roundhouse,0.5026270270347595,5,novel,5696.3
236506.43460001823,573213.9675225824,smallcairn,0.3233636111021042,5,novel,2195.7
236773.03918693625,573128.6261594356,shieling,0.3452840191977365,7,novel,5833.5
236988.41499828073,573130.4087279304,roundhouse,0.24293840527534485,5,novel,5242.7
236915.42090075262,573382.0001083751,shieling,0.295291672150294,6,novel,5753.4
237215.07470106272,573394.1045361164,roundhouse,0.48035695403814316,8,novel,5451.9
237165.133189383,573293.2114827966,smallcairn,0.30803324920790537,7,novel,2430.1
237180.8023718223,573214.048638589,smallcairn,0.29328952978054684,6,novel,2362.5
237515.7147699421,573356.0307639426,roundhouse,0.2869120165705681,6,novel,5365.6
235592.72128487023,572833.8571834118,roundhouse,0.37402386537619997,7,novel,5477.7
235604.6468398679,572998.9073521498,roundhouse,0.24454267571369806,6,novel,5617.1
236154.0168045466,572795.876215518,roundhouse,0.22715719938278198,5,novel,5194.4
236628.52828901788,573056.2101497549,shieling,0.528194003871509,7,novel,5960.8
236859.74653135252,573021.6820900643,roundhouse,0.3432350928584735,6,novel,5170.2
236848.36916443298,572751.5914535882,shieling,0.3466287761926651,5,novel,5692.7
237315.34761758518,573022.5202125045,roundhouse,0.4761873155832291,5,novel,5068.1
237060.78992373747,572741.0264752047,shieling,0.4366861805319786,8,novel,5481.1
235374.16822266614,572662.392502477,roundhouse,0.4377201199531555,5,novel,5440.3
235240.31298037965,572413.5070183438,roundhouse,0.342946720123291,5,novel,5305.1
235283.29909832554,572473.3371838033,shieling,0.25114747136831284,6,novel,7217.9
235476.93320835635,572473.5288959,roundhouse,0.21357821424802145,6,novel,5225.6
235570.157896533,572707.6808651788,roundhouse,0.3455392837524414,5,novel,5378.8
236253.61311482955,572357.7245049904,smallcairn,0.22175300547054835,7,novel,1328.0
236551.80545664864,572434.2716784221,shieling,0.40557525753974916,5,novel,5950.5
236578.02479529398,572423.0409872594,shieling,0.3267199524811336,7,novel,5923.4
236281.9334392924,572383.1996918095,roundhouse,0.20641576051712035,5,novel,4765.4
236382.09034306757,572531.1907798449,roundhouse,0.3085729777812958,6,novel,4861.5
236705.89189993616,572482.1130323898,shieling,0.4886523112654686,6,novel,5801.4
236945.08314617365,572567.789693341,shieling,0.25906418859958646,5,novel,5572.7
236915.64105489146,572594.206869541,shieling,0.2845452129840851,5,novel,5605.1
237024.76200714687,572658.9451027159,shieling,0.23331479479869208,6,novel,5505.1
236676.73990918676,572781.4741570543,shieling,0.26346030831336975,7,novel,5866.9
237065.61537042877,572720.2672320154,shieling,0.38507536984980106,8,novel,5473.2
237594.27046028522,572698.3035473546,shieling,0.551311235342707,7,novel,4947.3
237606.4970716427,572598.3079886312,shieling,0.4579896330833435,5,novel,4920.5
237975.73740211368,572707.4198512343,shieling,0.31234164784351987,6,novel,4572.6
237951.87893737096,572677.1597508175,shieling,0.2535601258277893,5,novel,4591.0
235356.23423580424,572154.1192696695,shieling,0.2724853575229645,5,novel,7127.6
235413.0367502071,572150.4768619016,shieling,0.31217766659600393,7,novel,7070.7
235393.08042144452,572283.4205950253,roundhouse,0.20435835669438043,6,novel,5111.6
235871.9930965996,572159.9139676852,roundhouse,0.6141446195542812,8,novel,4753.5
235683.66026405193,572167.161978893,shieling,0.30971865107615787,6,novel,6800.8
235525.31902312246,572036.1025907435,roundhouse,0.3228102798263232,6,novel,4832.7
236567.96292107034,572331.5827051204,roundhouse,0.4825223556586674,7,novel,4606.9
236570.28128392287,572048.4300569851,smallcairn,0.3474971332720348,7,novel,1059.0
236490.56305521485,572038.5007009434,roundhouse,0.44181832671165466,8,novel,4365.7
236675.7184080207,572101.5171568518,shieling,0.38528500284467426,7,novel,5807.1
237816.14045251353,572333.1185228736,shieling,0.44044479727745056,8,novel,4682.1
237795.8907730912,572321.1665157097,shieling,0.26098756194114686,5,novel,4701.3
238889.15280421716,572023.521797199,shieling,0.35901909321546555,6,novel,3592.3
236137.7408401913,571766.8647404553,roundhouse,0.4301538658993585,7,novel,4280.4
236507.62201024662,571962.5096741725,roundhouse,0.44397752625601633,7,novel,4289.2
236354.7686010352,571943.4411641347,roundhouse,0.4590203421456473,7,novel,4336.2
236464.81121605006,571863.1851917114,smallcairn,0.22563092708587645,5,novel,853.4
236540.4593702936,572005.2985507398,smallcairn,0.25155169144272804,8,novel,1009.5
237943.67615864836,571864.381866432,roundhouse,0.40170577466487883,5,novel,3836.1
237805.52179950062,571655.7894005211,roundhouse,0.38621039092540743,5,novel,3642.2
238495.09905151633,571691.2199444494,roundhouse,0.43257025522845133,7,novel,3659.9
238708.89917690353,571805.4030223114,roundhouse,0.4329759180545807,7,novel,3794.1
238573.32748611955,571944.3871208146,roundhouse,0.27296435832977295,6,novel,3918.3
238805.86465438278,571695.3189578194,smallcairn,0.20643531978130342,5,novel,1089.9
238784.4545270528,571701.2788785814,shieling,0.27747835516929625,5,novel,3702.0
238733.08317314042,572074.8271639926,shieling,0.3131039887666702,7,novel,3750.1
238764.65786649848,571819.3718212021,smallcairn,0.28555820882320404,5,novel,1045.2
238319.0043965056,571201.5960689066,shieling,0.3646991125174931,7,novel,4222.6
238288.91659807807,571414.8539259022,shieling,0.617319290127073,7,novel,4221.4
238558.87948165947,571362.3063787052,shieling,0.3461665976792574,8,novel,3960.6
238231.0617291914,571488.7587408426,shieling,0.4554681424051523,8,novel,4270.8
238585.2726830229,571367.7841200451,shieling,0.36615684628486633,7,novel,3933.7
238952.386846822,571416.9746303462,shieling,0.26112285256385803,5,novel,3563.3
238680.2129461301,571431.1132601534,shieling,0.5142913808425268,6,novel,3831.1
238737.29661940198,571212.9950651018,shieling,0.30268365641434986,6,novel,3808.9
238570.85661907095,571524.1744989526,shieling,0.19597476422786714,5,novel,3929.1
237327.96140603707,571042.4030984031,roundhouse,0.3068453421195348,6,novel,3138.7
237539.1834025571,570826.3684677728,shieling,0.48711739480495453,7,novel,5060.4
237416.27520580494,571196.8977263516,shieling,0.30124728083610536,5,novel,5115.1
238401.1825288058,571102.583484815,shieling,0.5870122648775578,8,novel,4159.9
238318.1120611827,571172.1876712998,shieling,0.4422006181308201,7,novel,4228.5
238297.50894189917,571206.9999421902,shieling,0.29287239350378513,8,novel,4242.8
238386.68311740828,571149.5860296944,shieling,0.33526602139075595,6,novel,4165.2
238278.83365143512,571186.1763982387,shieling,0.3371752713407789,7,novel,4264.8
238386.9474305489,571093.7977179809,shieling,0.3427142173051834,5,novel,4175.6
238663.08380056339,570935.7396696624,roundhouse,0.5978973656892776,8,novel,2926.1
239101.10557575914,570850.3817354128,shieling,0.4414276983588934,8,novel,3544.2
237394.05675054126,570709.631883659,roundhouse,0.6566387340426445,8,novel,2801.4
237409.8155937596,570571.8005907044,roundhouse,0.27777497172355653,5,novel,2665.4
237665.53323197414,570743.9650726725,shieling,0.6117328219115734,8,novel,4956.0
237661.87041520062,570652.3189999593,shieling,0.26952726393938065,6,novel,4982.1
237750.23831508626,570605.819050833,shieling,0.42662171833217144,8,novel,4908.9
237714.85300810213,570679.7216608706,shieling,0.37613846361637115,6,novel,4923.9
237721.05104596363,570567.6673670097,shieling,0.23516973604758581,6,novel,4947.4
237732.97834046587,570731.1433725232,roundhouse,0.22637035591261728,7,novel,2739.0
238544.4286543192,570579.8657739618,roundhouse,0.32113711833953856,5,novel,2557.7
239286.3578677973,570586.9513090149,roundhouse,0.3735521261890729,6,novel,2752.4
239010.93745649836,570696.2616738996,shieling,0.35891668995221454,6,novel,3678.6
239182.9615335038,570443.1938478578,roundhouse,0.4700697287917137,8,novel,2580.5
237382.83517609176,570316.9530800888,roundhouse,0.4079094585031271,8,novel,2434.0
237688.90320111107,570061.1510068062,roundhouse,0.5283980891108513,8,novel,2095.7
237930.85804707502,570296.9848400343,roundhouse,0.4191243102153142,6,novel,2278.5
238678.34862448598,570425.725830177,roundhouse,0.2808337137103081,6,novel,2425.1
238684.41223221418,570103.5564896975,roundhouse,0.3535383403301239,5,novel,2110.2
239204.19755778945,570216.9003312238,shieling,0.37634511291980743,5,novel,3692.1
239024.397910649,570242.6033935964,shieling,0.2812712788581848,6,novel,3841.2
239483.56060958488,570172.0414095697,roundhouse,0.37556482553482057,5,novel,2466.7
233901.39245393546,577882.425878731,roundhouse,0.3347601319352786,6,novel,2155.3
233714.5946273524,577954.323835451,smallcairn,0.31271392703056333,5,novel,248.0
234028.78549780793,577776.1366883607,smallcairn,0.33246396978696185,6,novel,306.3
231130.90148179894,577347.3953806425,shieling,0.2568642472227414,6,novel,4555.6
233527.75602922385,577506.5287195897,shieling,0.3032694607973099,5,novel,3304.5
234519.07166414429,577709.9962285985,smallcairn,0.4049520716071129,6,novel,166.4
234547.83049634498,577689.4676533308,smallcairn,0.4191696673631668,5,novel,131.8
234493.49734599772,577614.2775860893,smallcairn,0.4813678562641144,6,novel,94.5
234521.8158088855,577657.5650911106,smallcairn,0.3192409748832385,6,novel,139.3
234553.9325562793,577660.408728993,smallcairn,0.3009733632206917,6,novel,117.8
234512.96740694105,577602.0948194508,smallcairn,0.3752338051795959,5,novel,83.1
234457.0945509151,577406.791035304,smallcairn,0.2810819447040558,6,novel,121.1
234541.56879872002,577409.2631508899,smallcairn,0.24065290987491608,5,novel,118.3
230095.5598866746,577115.637458897,roundhouse,0.2746891587972641,5,novel,4462.0
231250.59770626487,576994.5933645898,smallcairn,0.22873004774252573,6,novel,2148.0
233459.49469636325,577118.0273598396,roundhouse,0.34558384120464325,7,novel,2882.3
234181.91759396082,577079.2732263979,shieling,0.3376830190420151,5,novel,3670.8
234594.6020508772,576976.15934011,shieling,0.31665268292029697,6,novel,3798.8
231810.61047865584,576693.2328737966,shieling,0.23815995454788208,5,novel,4688.0
234150.86566750018,576611.5458203148,shieling,0.3966636721576963,7,novel,4138.5
234395.02521342644,576956.5493624177,smallcairn,0.33986459374427797,5,novel,296.9
234720.18158494934,576604.2708314735,shieling,0.20119940489530563,6,novel,4183.4
232621.62649620345,576212.7512726833,smallcairn,0.32915953993797303,5,novel,1281.1
231145.76289325117,575907.7516089968,roundhouse,0.22972145428260168,6,novel,4721.1
233351.46590883203,576152.4459926458,shieling,0.3464575409889221,5,novel,4668.1
234114.62330356642,576060.4991834064,smallcairn,0.2610982835292816,5,novel,764.9
234645.90632705225,575697.1945976358,shieling,0.22689151018857956,6,novel,5076.1
234521.70652527432,575477.6139340866,shieling,0.3153941571712494,5,novel,5284.8
236809.4821432119,575447.1405608286,shieling,0.24242455192974635,7,novel,4946.4
235991.94710343462,575070.962242256,shieling,0.2940517097711563,5,novel,5831.0
234983.0068693234,574849.8216367236,roundhouse,0.41954241394996644,5,novel,5359.4
234871.9936489098,574662.9332873042,smallcairn,0.20949127078056334,5,novel,1078.4
235168.1479551401,574983.0423636147,shieling,0.278809333841006,6,novel,5854.4
234484.9865834147,574308.3039638306,smallcairn,0.26830406735340756,6,novel,1603.1
234382.99237372194,574350.2911102967,smallcairn,0.2521530598402023,5,novel,1650.6
234433.34123464552,574346.8814303941,smallcairn,0.2932269722223282,5,novel,1614.8
234459.26661227865,574215.5820206525,smallcairn,0.2744791716337204,5,novel,1686.6
234980.32061651474,574198.7813026705,roundhouse,0.40055325627326965,6,novel,5987.1
236403.20287778808,574107.227179742,roundhouse,0.4700114812169756,7,novel,6340.0
236511.6696237399,573892.7876474679,roundhouse,0.2805596912900607,6,novel,6103.5
236983.5265326961,574170.6631927829,shieling,0.2871029317378998,5,novel,5674.5
237016.39682125926,574116.9502667512,shieling,0.2993153929710388,5,novel,5692.5
236624.79346591077,573969.3184329029,shieling,0.21903955340385436,5,novel,6066.2
235042.65158159306,572789.6608006976,shieling,0.3354510456323624,5,novel,7488.0
235853.5897486821,573003.343616456,smallcairn,0.22363801896572114,5,novel,2018.9
236868.2666552167,572805.2499665878,shieling,0.4298930381025587,7,novel,5681.1
236711.17128102417,573082.3281153128,shieling,0.41308601448933285,6,novel,5884.8
237052.3776491562,572779.585570122,shieling,0.2892192929983139,5,novel,5495.3
236883.65904280718,572605.8336802543,shieling,0.2804637342691422,5,novel,5638.2
237084.3802758954,572740.6067197073,shieling,0.29478516926368076,6,novel,5457.7
237567.85806715107,572700.4903836219,shieling,0.309175839026769,6,novel,4973.8
237701.00704006758,572658.9118994746,shieling,0.18773292005062103,5,novel,4835.8
236548.64502099977,572029.3878760799,roundhouse,0.3061678946018219,5,novel,4334.3
236805.76320452805,572303.9470035374,shieling,0.3225299596786499,5,novel,5687.2
237732.06958666132,572216.3412586859,shieling,0.2604443162679672,5,novel,4757.2
237419.1611506856,572300.8322770597,shieling,0.23899162709712982,5,novel,5075.1
237717.32267733396,572225.9519185438,shieling,0.29006003091732663,6,novel,4772.5
237851.4384790933,572109.4330781121,shieling,0.40495075285434723,5,novel,4632.4
238072.49866423686,571826.3755993773,shieling,0.2597698824746268,7,novel,4408.5
238534.8724723824,571665.6612612443,roundhouse,0.2297723561525345,5,novel,3637.4
238882.8351677876,571550.9451920149,shieling,0.3005113899707794,5,novel,3616.0
238783.91308336952,571697.8633554957,shieling,0.3021401077508926,5,novel,3702.8
237577.6107978446,570887.5386037425,shieling,0.38044996559619904,7,novel,5009.9
238361.89932779124,571090.5256423197,shieling,0.3770305961370468,6,novel,4200.8
238276.51895069744,571093.7779882976,shieling,0.3431371535573687,7,novel,4283.9
238505.50061741163,570947.682124791,shieling,0.3083938121795654,5,novel,4091.7
238265.43310338023,571200.6765863183,shieling,0.2808587193489075,5,novel,4275.5
238777.57713636564,570935.079602655,shieling,0.3238598977526029,6,novel,3831.2
238702.56954704778,571025.998744113,shieling,0.2634700834751129,5,novel,3881.8
238829.33972621642,571183.6386429272,shieling,0.30304001867771146,5,novel,3724.2
238848.74446370895,571149.197356459,shieling,0.2824859172105789,6,novel,3712.2
237841.64642644138,570488.2327017823,shieling,0.2827344089746475,7,novel,4854.3
237825.44863297968,570478.2932749045,shieling,0.35320053356034414,7,novel,4872.7
238456.52404248202,570643.4190359481,shieling,0.2546680122613907,6,novel,4221.1
239139.57206412283,570776.8204122751,shieling,0.3916080057621002,5,novel,3530.6
239244.46577042862,570556.6174626125,shieling,0.21834095319112143,6,novel,3511.1
237517.2685137278,570198.5711044741,shieling,0.3339714348316193,5,novel,5252.8
234537.40860571217,577588.0419138204,smallcairn,0.3282754023869832,6,novel,77.6
234719.27124422838,577138.5166283292,shieling,0.20945433676242828,5,novel,3654.5
234933.9644068438,576363.1432175103,shieling,0.4318811297416687,5,novel,4454.6
234420.19439485692,576306.2609078272,shieling,0.42519669447626385,7,novel,4451.4
234350.03086798094,576053.9250255702,shieling,0.2063732991615931,6,novel,4699.9
233176.7533054549,575689.9257123315,roundhouse,0.27660986185073855,5,novel,4322.2
234775.4862638535,575673.1236210536,roundhouse,0.26845177412033083,5,novel,4511.0
235403.0641858098,574663.2741393272,shieling,0.22386655807495118,5,novel,6212.4
236480.70381801392,573918.9468576772,shieling,0.21893884837627411,5,novel,6202.3
236600.26484940597,573910.7206173376,shieling,0.3579172879457474,5,novel,6125.6
236587.8164664756,573126.3187172775,shieling,0.3941777735948563,5,novel,6014.4
236779.49732650624,573106.5147501063,shieling,0.25188385844230654,5,novel,5822.7
237844.22591334285,571929.5384665496,shieling,0.20933803617954255,5,novel,4635.8
237399.5571555204,570356.8024627253,smallcairn,0.22922698259353638,5,novel,956.1
234803.29269441808,576441.039539646,shieling,0.38653660672051565,7,novel,4356.7
234367.3409906868,574268.180036471,roundhouse,0.4360022097826004,7,novel,5797.1
234594.40051248897,576976.5130858549,shieling,0.3402534335851669,5,novel,3798.4
234572.00999123233,577039.7812382772,shieling,0.30550922751426696,5,novel,3733.0
232854.24399448218,576571.6735723029,roundhouse,0.305299736559391,6,novel,3488.6
235298.5856050199,575150.7190826833,shieling,0.526059091091156,7,novel,5713.9
237609.16133650334,572597.7492327082,shieling,0.436407196521759,5,novel,4917.8
238317.88253050394,571172.9466766419,shieling,0.4910410557474409,7,novel,4228.6
238278.08457346822,571186.0936037595,shieling,0.37811307821955,7,novel,4265.5
232066.95128675047,596743.7743472328,shieling,0.5013356283307076,8,novel,11817.4
232062.9213124438,596758.368180288,shieling,0.575272336602211,8,novel,11831.7
231003.19779903276,596627.2748738811,roundhouse,0.5418431808551153,6,novel,16775.5
231457.3999879034,596564.2983898424,shieling,0.37714257277548313,8,novel,12025.0
231951.02874958568,596715.7855723097,shieling,0.4941452853381634,8,novel,11859.6
231833.1288229802,596672.3002434914,shieling,0.3859783913940191,8,novel,11891.3
233666.35749444994,596452.2455267367,shieling,0.22372736632823945,5,novel,10743.8
233981.07131109393,596422.6734598284,roundhouse,0.2976712018251419,5,novel,16333.5
231707.99325930054,595631.5253480335,roundhouse,0.2559871464967728,5,novel,15684.4
231996.28899699557,595631.9365433615,roundhouse,0.2543423295021057,5,novel,15648.6
230603.91854410892,595523.9951605112,roundhouse,0.6199932172894478,8,novel,15765.5
233397.29980936987,594841.3794371122,roundhouse,0.4243478285414832,7,novel,14757.4
230922.1840666725,594132.5609063708,roundhouse,0.18864608705043792,5,novel,14338.4
231386.5730384014,594462.2805305519,roundhouse,0.2638223648071289,5,novel,14576.8
233779.10036986283,594396.2595485535,roundhouse,0.3541528284549713,7,novel,14306.3
230180.02270562938,597116.7252748122,roundhouse,0.33811236421267193,6,novel,17411.5
230835.09537402794,596856.7926679156,shieling,0.3135630369186401,5,novel,12636.7
231574.47990595465,596970.7754085743,shieling,0.31752588152885436,5,novel,12284.3
231127.8630250928,596530.4520460721,shieling,0.35512334704399107,5,novel,12199.2
231430.68910188985,596555.0007794668,shieling,0.36316609382629395,5,novel,12033.6
231351.62518629708,596563.9584227982,shieling,0.27537650614976883,6,novel,12088.6
231654.96037335484,596605.1621538948,shieling,0.2575037057201068,6,novel,11940.4
231908.9438170736,596680.4373119692,shieling,0.3516796146120344,7,novel,11854.5
231918.03816054907,596684.5906777515,shieling,0.3610289817055066,6,novel,11852.7
231810.46402457875,596641.5954210403,shieling,0.36942248046398163,6,novel,11879.3
231836.99738957404,596716.1465622262,shieling,0.2765325665473938,5,novel,11924.9
233667.2174963503,596454.6395478063,roundhouse,0.38049745559692383,5,novel,16365.4
230973.12773134472,596003.2448258674,shieling,0.33101659417152407,5,novel,11889.4
231612.5700509804,595969.608291202,shieling,0.35318119327227276,6,novel,11458.7
230191.36937181928,595674.6914580208,roundhouse,0.4321380853652954,5,novel,16001.5
230066.81370402902,595647.6053619761,roundhouse,0.5269407605131468,6,novel,16003.9
231721.64711889264,596621.7351658279,shieling,0.2906900554895401,5,novel,11914.7
231925.2318225389,596686.162033506,shieling,0.2928644955158234,5,novel,11849.9
232067.3047723881,596744.7663551985,shieling,0.45004395076206755,7,novel,11818.0
231921.37117336108,596687.8667973335,shieling,0.36138997226953506,6,novel,11853.5
240633.17845256755,567564.243594955,roundhouse,0.40092013137681143,7,novel,2437.1
240077.36856630348,566297.5723331741,roundhouse,0.7040933575481176,8,novel,2530.0
241840.00052950578,566562.8458243845,shieling,0.3020385354757309,5,novel,5395.2
240147.91348848934,565876.4674275451,roundhouse,0.5436404924839735,8,novel,2882.6
240477.5873192719,565967.8752623742,smallcairn,0.3422230907848903,7,novel,519.5
240348.7201629291,565962.527275745,roundhouse,0.3960564713925123,8,novel,2958.0
241451.5170975765,566076.8310142993,shieling,0.4631395127092089,7,novel,5933.0
241425.046386663,566088.6227596349,shieling,0.5130664557218552,6,novel,5926.0
241397.02992588092,566006.7321797655,shieling,0.48870128818920683,7,novel,6011.6
241325.94156050964,566154.0669470103,shieling,0.340970641374588,5,novel,5880.3
241355.14962900415,566185.379466097,shieling,0.3873499887330191,7,novel,5843.9
241501.84797794817,565904.2232840601,smallcairn,0.18643772304058076,5,novel,360.4
241856.8506709723,566145.9666289685,roundhouse,0.45720223443848745,7,novel,4080.1
241822.19842023213,566118.625427268,shieling,0.4162241646221706,7,novel,5838.5
241939.09563387785,565817.4338264909,roundhouse,0.2593189775943756,6,novel,4312.9
240042.4398484749,565691.9687552472,roundhouse,0.3239105850458145,5,novel,2958.2
240350.37699707085,565563.965431967,shieling,0.44460708399613696,6,novel,6703.3
240475.51288150533,565871.3453991798,smallcairn,0.27792248874902725,6,novel,582.8
240519.63869813643,565771.5220552443,smallcairn,0.2254559278488159,5,novel,686.3
242300.99007036065,565905.3767301588,roundhouse,0.2474802157708577,7,novel,4585.2
242712.82237891483,565688.6495636188,roundhouse,0.458237387239933,8,novel,5050.6
242789.62232224652,565559.2015478697,smallcairn,0.30688931544621784,6,novel,144.7
240424.44112396325,565390.6175943819,roundhouse,0.49329081922769547,8,novel,3431.9
241172.2241656062,565374.3706939595,roundhouse,0.41510782284396036,7,novel,3960.5
241208.84959652543,565424.3180369224,shieling,0.18740198910236358,5,novel,6618.9
241938.11974213462,565403.4023292803,roundhouse,0.3901219367980957,8,novel,4539.3
241789.19731209063,565275.3948556372,roundhouse,0.32141222432255745,8,novel,4496.5
242245.9463176281,565379.8815212946,roundhouse,0.48760790271418436,7,novel,4806.2
242429.32361020375,565396.4686751745,roundhouse,0.4531607758253813,8,novel,4951.1
240600.14751341584,564684.6372475777,roundhouse,0.25641355104744434,8,novel,4100.6
240812.2224361471,564768.3906842286,shieling,0.432052755355835,5,novel,7114.1
240758.74887792676,564742.6268797965,roundhouse,0.3254931151866913,5,novel,4147.5
241067.9265311518,564681.3323685974,shieling,0.4511915644009908,6,novel,6867.7
243883.96720855145,564670.4316695379,shieling,0.3752396434545517,5,novel,4078.2
241041.90922107533,563946.1623064769,shieling,0.6770041510462761,8,novel,7006.4
241081.1367400588,563945.7141893621,shieling,0.43303381465375423,8,novel,6968.1
241027.56152752144,563935.3194836165,shieling,0.43093644827604294,8,novel,7022.6
240891.55795430858,563937.7636200727,shieling,0.37955236807465553,8,novel,7155.3
241058.6342401462,563931.7888065886,shieling,0.48592631332576275,8,novel,6993.0
240930.34234164673,563720.8925145251,shieling,0.49932223558425903,8,novel,7164.4
241066.461347899,563792.9819973427,shieling,0.31503863632678986,7,novel,7015.4
241069.93617993157,563677.3978108243,roundhouse,0.39896192650000256,6,novel,5198.4
240920.01199252228,563423.8136028675,shieling,0.32394695707729887,7,novel,7248.9
241470.39660222948,563489.5274875327,roundhouse,0.4918940309435129,8,novel,5578.8
241484.92312925617,563207.2238369876,roundhouse,0.4246325705732618,7,novel,5819.4
241982.44474751604,563168.5684563321,smallcairn,0.27543469369411466,5,novel,1621.3
241092.87071832098,563211.9898630233,shieling,0.24545318633317947,6,novel,7144.0
241031.8286589773,563057.5165880799,shieling,0.23960338532924652,5,novel,7250.2
242149.75598879857,562922.6384329316,shieling,0.3068522572517395,5,novel,6253.3
245168.49581687184,563013.4791023713,shieling,0.41833856276103426,7,novel,3614.1
245183.84107161316,563008.1414763904,shieling,0.45156885044915335,7,novel,3606.0
242279.92406710284,562584.3907907588,roundhouse,0.6701715758868626,7,novel,6786.8
242250.78077233635,562537.9261972884,smallcairn,0.5140361934900284,8,novel,1251.2
242247.38934506162,562483.3950685089,smallcairn,0.35869317688047886,8,novel,1211.9
242225.1106616489,562523.6782458754,smallcairn,0.26927770860493183,8,novel,1222.8
242630.07527656588,562695.4512801691,roundhouse,0.31888218969106674,6,novel,6914.5
242089.78972265718,562219.597473782,smallcairn,0.3932913158621107,7,novel,923.8
242117.8000493901,562244.094334188,smallcairn,0.387771446790014,7,novel,960.8
242112.8996155064,562267.651183192,smallcairn,0.2837496757507324,5,novel,970.9
242917.76901773174,562264.2508153496,shieling,0.34725874023778097,7,novel,5876.3
244614.9530873813,562001.7131151356,shieling,0.33996032178401947,6,novel,4712.1
245675.34845304466,561555.296672552,roundhouse,0.4853184163570404,5,novel,4503.7
246764.9844342842,561326.0122590609,smallcairn,0.5113531425595284,8,novel,888.1
246747.3135509377,561304.126022643,smallcairn,0.5229138657450676,8,novel,907.8
246782.85609329923,561302.5550187645,smallcairn,0.385367472966512,6,novel,872.6
246840.66758394073,561415.4040246339,smallcairn,0.5324009231158665,7,novel,809.5
246840.2164108927,561382.4178259652,smallcairn,0.4614622090011835,8,novel,810.0
246762.07726119822,561292.614503091,smallcairn,0.3861818481236696,8,novel,894.4
246776.73708935274,561456.9263904752,smallcairn,0.2800318539142609,5,novel,875.1
246757.2511988458,560886.2469559964,smallcairn,0.20991015136241914,5,novel,1030.0
247134.2562073766,560932.1460014981,roundhouse,0.32519741356372833,6,novel,3357.8
247318.562869434,560911.9965393324,smallcairn,0.27911557044301716,7,novel,589.9
247308.94431415238,560838.7678429562,smallcairn,0.371365113183856,8,novel,656.7
247019.43269716634,560645.3069809496,smallcairn,0.2850399136543274,5,novel,983.5
247360.16319732115,560610.7112349594,smallcairn,0.461239150592259,7,novel,840.8
247402.55725896143,560598.251876299,roundhouse,0.3889923564025334,7,novel,2972.9
246544.5275622697,560414.2698936545,shieling,0.24575823793808618,6,novel,5147.4
247768.74726744945,560106.2079928394,smallcairn,0.41526850845132557,7,novel,1299.2
241503.4625451343,566970.1199205809,shieling,0.38233979046344757,7,novel,5045.3
241457.7740718524,567030.177349004,shieling,0.2788909196853638,5,novel,4995.5
240628.90198270854,566643.9853564296,roundhouse,0.3404874801635742,7,novel,2764.3
241617.49744855787,566786.7105964532,shieling,0.3783466766277949,6,novel,5205.2
240114.71539649827,566351.7632542722,smallcairn,0.3935144066810608,5,novel,76.3
241398.36504287762,566191.2488878311,shieling,0.2959047307570775,6,novel,5830.0
241545.7320947321,566125.5150142862,shieling,0.3038520783185959,5,novel,5869.3
240654.06089211567,565553.8215790329,shieling,0.23493526577949525,5,novel,6622.9
241494.211300378,565525.6638392243,roundhouse,0.2914729297161102,5,novel,4110.0
241766.58908375373,565801.4160962859,smallcairn,0.19049583077430726,5,novel,221.2
240428.63098471035,564772.7142636589,roundhouse,0.4228481203317642,5,novel,3930.9
240867.0139909583,564788.7330772305,shieling,0.2526813119649887,5,novel,7057.8
240969.09398353845,563901.3607267666,shieling,0.5469461679458618,7,novel,7086.9
241028.85388928,563900.7528206834,shieling,0.3448643152202879,7,novel,7028.6
241049.3796384476,563974.37332962,shieling,0.3167955666780472,5,novel,6993.3
241170.80167655618,564189.300219068,roundhouse,0.3194559335708618,5,novel,4837.3
241016.45737267414,563995.1213595526,shieling,0.2501145899295807,5,novel,7021.5
240999.9293145646,564002.7727670281,shieling,0.2502010464668274,5,novel,7036.2
241076.73606333387,563928.1263250238,shieling,0.20839680433273317,5,novel,6976.0
244327.81061718,564178.8561819878,shieling,0.3400490071092333,7,novel,3768.7
244318.51362645513,564194.1743471776,shieling,0.26066313982009887,5,novel,3772.7
241017.1649703391,563875.4652551259,shieling,0.3983458344425474,7,novel,7045.4
241032.71394570285,563879.7456715459,shieling,0.35163886845111847,6,novel,7029.3
242704.29278520474,563672.5627602116,shieling,0.2601732283830643,5,novel,5469.1
240760.3326833142,563441.7669585313,roundhouse,0.28702121675014497,5,novel,5242.2
241980.97288089624,563169.4250790105,shieling,0.3425330102443695,5,novel,6318.3
242299.09495434936,562674.409322152,roundhouse,0.3896777778863907,5,novel,6726.2
242103.54113170176,562158.3040459497,smallcairn,0.38342530429363253,5,novel,901.0
242143.7135689135,562223.5131732547,smallcairn,0.4013304611047109,6,novel,970.2
242045.4652665936,562190.8314159055,roundhouse,0.3416019082069397,5,novel,6976.5
246866.6391785663,561395.8094598735,smallcairn,0.2732251116207668,7,novel,783.4
245857.38759211666,561213.6259728695,shieling,0.23783501734336218,6,novel,4640.1
247451.04089026756,560834.663958099,smallcairn,0.4119393477837245,6,novel,599.3
247029.99437013443,560664.9586131988,smallcairn,0.20777974724769593,5,novel,961.6
247383.35145951476,560678.7504824626,smallcairn,0.28602413088083267,6,novel,769.0
247299.07313370222,560682.9623377878,smallcairn,0.2869500865538915,6,novel,798.3
241017.5414514205,565856.9300218255,roundhouse,0.2567971497774124,5,novel,3530.4
243608.80188130704,564930.553339797,shieling,0.31891665458679197,5,novel,4314.7
243880.95212502865,564671.1437466762,shieling,0.34943853815396625,6,novel,4081.1
242001.0780662262,564379.0334906932,smallcairn,0.23648070693016052,5,novel,688.0
241215.77032985134,563763.2842593071,shieling,0.22996296286582946,5,novel,6877.0
246704.2963492495,561468.9166971025,smallcairn,0.2846229702234268,5,novel,948.2
245089.8945993256,561043.7856954016,roundhouse,0.25646830201148985,5,novel,4428.3
247339.60888362615,560757.4600686302,smallcairn,0.3370724081993103,5,novel,713.6
244615.05098802646,562001.5344359127,shieling,0.3420967484513919,6,novel,4712.2
243297.66297953197,599653.3061661621,roundhouse,0.1875501751899719,5,novel,12210.8
243493.17387807302,599665.0056089655,shieling,0.46068392055375235,7,novel,8987.9
243362.6462276843,599154.1882693532,roundhouse,0.44572738409042356,5,novel,12249.1
244113.88133959178,599265.6862792238,shieling,0.4160882346332073,8,novel,8407.5
244006.23304716192,599234.4567998038,shieling,0.3591457498925073,7,novel,8518.2
244564.94503676545,599039.1610723259,shieling,0.2579211766521136,6,novel,7992.0
243591.23158700342,598378.2490606556,roundhouse,0.3087454065680504,6,novel,12226.9
244024.02014848133,599243.0132262356,shieling,0.32241831421852113,5,novel,8499.5
255019.96365147262,563985.089114567,smallcairn,0.2206193506717682,5,novel,1010.8
255173.93581029848,563425.7706726945,shieling,0.4172023172889437,7,novel,3198.1
255261.29457820923,563475.2701274229,shieling,0.2612881541252136,5,novel,3263.3
255199.6161827991,563414.4060637794,shieling,0.2321238492925962,6,novel,3226.1
254923.68280804853,563678.1599423685,shieling,0.22432553470134736,5,novel,2878.9
255985.76535209053,563724.8784098702,roundhouse,0.1966367488106092,6,novel,1749.4
256379.33227357466,563513.6082189446,smallcairn,0.19822843074798585,5,novel,428.4
256704.69615399092,563038.6215942474,roundhouse,0.6531227976083755,6,novel,775.5
257128.5194065437,562971.2622127945,roundhouse,0.5304032657295465,8,novel,613.2
256936.6423923007,562970.881569593,smallcairn,0.3573774652821677,7,novel,358.5
255377.7943891394,562890.5535250307,shieling,0.2869870439171791,6,novel,3343.4
256260.28099633,561935.3132515993,roundhouse,0.3859064834458487,7,novel,923.2
257461.50970146904,561877.0192085783,smallcairn,0.34808844327926636,8,novel,869.4
258229.59148512318,561430.2111060211,roundhouse,0.38210123032331467,8,novel,1478.5
256173.17460712465,561407.4090127024,roundhouse,0.3663802966475487,8,novel,1315.2
257869.18590483133,561346.7840526814,smallcairn,0.47788318432867527,8,novel,1536.0
257861.32722256813,561371.5495422691,smallcairn,0.2729063630104065,8,novel,1511.1
258071.5690448018,561279.316243,smallcairn,0.46769729256629944,7,novel,1680.8
258050.04065295457,561306.3357152886,smallcairn,0.43712930381298065,8,novel,1675.5
258065.72132033552,561154.0108386553,roundhouse,0.41135788212219876,6,novel,1557.6
258048.78858602297,561212.0568364633,smallcairn,0.4227239063807896,7,novel,1704.9
258957.17243745178,560712.7066359894,roundhouse,0.3259050458669662,5,novel,1981.5
259323.53653554607,560710.4415754818,roundhouse,0.2469326059023539,6,novel,1631.4
258972.93508976523,560630.386566047,roundhouse,0.3214285994569461,6,novel,1989.6
259591.4408952953,560144.2452652626,shieling,0.3772680039207141,6,novel,1829.8
256740.23183864332,563135.0174632833,smallcairn,0.34869174659252167,5,novel,581.4
256353.72959831517,561956.5896593394,shieling,0.2722865879535675,5,novel,4046.1
257921.8966775434,561285.6875382026,smallcairn,0.30841467082500457,5,novel,1615.4
257942.9465874412,561327.1336411271,smallcairn,0.3042875021696091,5,novel,1594.3
258042.16956537773,561239.2354568555,smallcairn,0.510585355758667,5,novel,1708.3
257990.391937752,561277.3124646163,smallcairn,0.32217050194740293,5,novel,1662.5
258071.96517561018,561189.0695637212,smallcairn,0.33162274658679963,5,novel,1718.9
257984.10378650503,561286.7273261579,smallcairn,0.28413722217082976,5,novel,1651.2
258935.55600297273,561294.7222066738,shieling,0.42412753105163575,5,novel,1961.1
258954.67037877016,561375.4050157048,shieling,0.2643836081027985,5,novel,1926.4
256980.25237974143,562977.756401461,roundhouse,0.36523590087890623,5,novel,625.8
255571.78621181226,562101.1409369331,roundhouse,0.1661235958337784,5,novel,1530.3
257961.38121918982,561362.3554205205,smallcairn,0.3891772503654162,6,novel,1577.0
255985.50629007965,563732.2574803032,roundhouse,0.18723371028900146,5,novel,1755.3
258238.21409171153,561423.5567774364,roundhouse,0.4464490972459316,8,novel,1489.4
257463.0674955336,561878.531680134,smallcairn,0.30247034983975546,7,novel,868.9
255198.72606721392,563414.1225878954,shieling,0.23605310618877412,5,novel,3225.4
259592.9570672343,560143.5141300245,shieling,0.3943117707967758,6,novel,1828.6
259026.33599507136,579778.9084429882,shieling,0.23307386934757232,5,novel,6872.8
259574.5061939609,579311.1974195684,shieling,0.35162390520175296,6,novel,6738.3
259912.48488642368,579368.6873908284,shieling,0.2891291856765747,5,novel,6450.5
259480.55294675348,579495.3249700853,shieling,0.3257145509123802,6,novel,6688.7
259274.65168509338,579739.0676607288,shieling,0.2481405109167099,5,novel,6697.1
259842.30410092682,579681.7023529403,shieling,0.3584242824997221,7,novel,6292.5
259459.96381241133,579497.5346568184,shieling,0.20216048061847686,5,novel,6703.1
259481.49931457048,579490.9495187491,shieling,0.3571976806436266,7,novel,6690.8
